address,seconds until unlock,distribution amount (BPTs)
0x55c1568efd6d19edec498330952fa7e582fea20a,93542028,"1,907,914.680261630000000000"
0xc06320d9028f851c6ce46e43f04aff0a426f446c,95874480,"1,376,649.728309460000000000"
0x4f83c87083ccceb90bc105040169f7a0bb74911a,92483262,"751,405.464649681000000000"
0x044325aCCB1A131cD00B4Cef674E9a8d9b60ad72,108359614,"579,842.699541199000000000"
0xdb9d281c3d29baa9587f5dac99dd982156913913,85951772,"275,423.968834096000000000"
0x066188948681d38f88441a80e3823dd41155211c,86094182,"268,027.341549879000000000"
0xe70981f2aeb601a12001465c7a5e52aa76adcbec,88177969,"250,385.426212815000000000"
0x312f81f9a90427f9967f476712795d55e3f89e9c,90807620,"184,826.845301102000000000"
0x5d22db0ddc365dbdc0983441e2906d51855a142d,103935338,"143,971.620072369000000000"
0x680963fe5e628c5486C3A282ca12Aa575820e446,100298435,"125,192.713106407000000000"
0x0f89e880c863d5ad296df064f65fc78f7108ffc8,85967686,"125,192.713106407000000000"
0xcba1a275e2d858ecffaf7a87f606f74b719a8a93,101291952,"97,018.878905768500000000"
0x6523a02072d736535148aa67db26f80c2e456547,87614004,"88,431.953400074400000000"
0x680963fe5e628c5486C3A282ca12Aa575820e446,100298621,"84,625.980643962000000000"
0x680963fe5e628c5486C3A282ca12Aa575820e446,100298585,"83,461.850468509300000000"
0xdfc423a316b2f4ee73632f7c2edf2f6328537e8b,87795250,"75,115.627863844500000000"
0xa1a7ae2f202c5762f3c4ee2fed99e3f42c6f1f1f,47582599,"54,965.999444516500000000"
0x80b3153f39aeec1ef68adc038913698e103e6e1d,87261458,"54,283.256646915100000000"
0x1ace35d5350da1b71bd7e9e7f5a09ff6cf14d2d6,49145063,"52,637.840191943800000000"
0x680963fe5e628c5486C3A282ca12Aa575820e446,100298720,"43,817.449587242600000000"
0x044325aCCB1A131cD00B4Cef674E9a8d9b60ad72,107691134,"40,355.415322507900000000"
0x329c54289ff5d6b7b7dae13592c6b1eda1543ed4,88856191,"38,615.046120219700000000"
0xc1d90c0a2d1ab8b58702f2faea4701f00ac505d0,86117442,"38,170.347918876300000000"
0x9a20a5b173b938f846b00875833af437dd7a1716,100674126,"37,933.392197354000000000"
0xcdf46720bdf30d6bd0912162677c865d4344b0ca,86437861,"32,636.790116059900000000"
0x36b13e73b6cdb2dc53b29d3e02066d3bc2016285,35460266,"30,992.636933811400000000"
0xa47dc3c86a77a41b9377fc5f6f6edd1d8f380f41,86107614,"30,390.781492006600000000"
0x5b181e9e67c4f09f5d0229a458db6b0c07f6184e,85697232,"26,795.814004673400000000"
0x680963fe5e628c5486C3A282ca12Aa575820e446,100298670,"25,038.542621281500000000"
0x8a3a27f7ed3594d7c1261e0d16112333d76b3a57,48412906,"23,647.401193243100000000"
0x77c4a515d6779f358d9c70b78c18715ee352cadc,73737746,"22,534.688359153300000000"
0x7da8e2a56901552a1affc74063569e533c6a77dc,97562640,"21,571.304116236000000000"
0xb2dd7f7a0c94364067ade38ab28ad18d124bb329,80759069,"20,361.815612669700000000"
0x94a468fcb53a043bf5cd95ef21892e02c71134be,99416972,"20,293.757054112000000000"
0x680963fe5e628c5486C3A282ca12Aa575820e446,100299023,"19,993.965262739300000000"
0xefc194772a4bdbcdc5871a56e5a86dcfec845788,85437026,"18,470.655880504200000000"
0xa054934e49470cdbfc6b4d886b990bcb2002a9b6,88368556,"18,146.445039483200000000"
0xBC59a167a5A56FB07f3Cf6BD3FACe4284D8c6505,92008088,"17,301.765935087700000000"
0xce5969ab83f70f32d477df7b92cc17fb19f25228,83086719,"17,257.059972467100000000"
0x1d7d6598c766485dc89746fd9bda82c21df128a9,90553123,"16,493.706508583000000000"
0x49e7bdde0e6f366fcc15577ee273af1dd0a578ba,51385552,"15,278.849710081700000000"
0x9cd25036e52f831115c77dcf0e6db69fca56bb04,56414697,"15,103.450189163600000000"
0x670647441d9c24d981923c9293a2e4eae6d0c8b3,77603940,"15,023.125572768900000000"
0x920fa53A88fA26d2658049794a84abc6185e6c69,77732674,"15,020.266291477900000000"
0xe0a46db77fe3932a901214bfa0a1389d3e996332,108396365,"14,959.915715531400000000"
0xc17e91dd86b427135f2694ed6a8bc86ee9d37c06,106172244,"14,538.728058250900000000"
0x8dcb8aae4aa1143531949cb7877235749d32804a,51501247,"14,535.206235623300000000"
0xde8aa7c820d767572837f5e43f385e98978233a4,83087251,"14,506.059922764500000000"
0xed3b439ca1787c1cd1855151c799d520d319d80d,66039168,"14,009.064596607000000000"
0xed8e4430689fe60bdc8a757dcf09bf12f9aff013,77565971,"13,803.811079455600000000"
0xd87ecc7533273877fc5b945453f9dfd32cb95509,86633597,"13,787.315490723600000000"
0xf39bc4acfbcee9c9de828416b5f060fe9f5d34f0,67670541,"13,487.111430259200000000"
0x680963fe5e628c5486C3A282ca12Aa575820e446,100298643,"12,572.343361424000000000"
0x284f36888fa58a0a36b132331a26f44f86487afd,87990451,"12,519.271310640700000000"
0xa580a81c881869cc4763968754683f764754902a,60950258,"12,519.271310640700000000"
0x6320d43fe9939efad4d48bfcdc63c06bafc2fe3d,40433828,"12,402.716894738700000000"
0x72d4d59f31d0cb4a4213a5dc81fc0108241ecc71,89175823,"12,059.897042526500000000"
0x4afb5daf1f6016ede27ebb838c45a759e0a4e4c4,84796687,"11,654.099442010500000000"
0xf826bc629d859af67736671274bfbf0967e36729,106042288,"11,291.823363555400000000"
0x8252d3c70f532bcb6a27001f3abb460ed7ebb066,79869708,"11,267.344179576700000000"
0x7c9edc93ec8b80b7dd1e548a476c6dcf676549be,81712448,"11,118.705727745100000000"
0xc92980d19e7399911f595053894408ad24380324,84213621,"10,156.705172224400000000"
0xaa4279b9364c541ffe47e53f1a8c8bdb7a78ec11,66430548,"10,086.041328563800000000"
0x88dcF2D87b1dc0f36435D57E9e589c19cA89b1ae,80724191,"9,817.714092476170000000"
0x53d72e45e4ba76838d36c49b88f046c6070c39e5,93562222,"9,703.201657351510000000"
0x11cC283d06FA762061df2B0D2f0787651ceef659,84870540,"9,527.165467397610000000"
0x99655ca16c742b46a4a05afaf0f7798c336fd279,86110183,"9,078.621077945350000000"
0x4656e28ed7c4aacd1e7fb98d3c8041d6de04c08f,83547797,"8,713.145534739000000000"
0xef114d9316274acff9c9ea00871af274b8994234,98317201,"8,250.393424180100000000"
0x780038507f662cc76646ceb7796c643efc393e98,83227832,"7,761.948212597260000000"
0x4127143a866bf5d8ad2afb6de8e63164b8ad5bf6,91373754,"7,600.652835192950000000"
0x7181c3302c07533639bbd81c4c490450c2668c3b,85380368,"7,214.973225326830000000"
0x9c0d72f2ac26420cb7eeb155bf401b672840e87b,84411043,"7,010.393618275300000000"
0x4e7bf3694962fc482a16d60fd78f99db9c4c52b0,93256030,"6,815.747184460970000000"
0x1b3f7964929dae299f194d46b7386b0df8f10db3,91901526,"6,755.840882671060000000"
0xe84adc0964ee34ce0319df3418636ed6a4117b97,92569253,"6,555.681712695260000000"
0xc06057acf5c722e961184d3eb751d93bada7d72c,48527864,"6,523.713533837900000000"
0x00329e92ed6fd0a0ef76da9c476d51faeb6b26a0,87855288,"6,450.155349607790000000"
0x4bed23c363f51c4ff842eb0c1cded2010e4491a5,78211290,"6,259.635655320370000000"
0xf0b2908c638bc18f018933928d079f930a3c976d,32523108,"6,025.609869053510000000"
0x3b3540c429e6cec4f63d161ad2788a7d4a9a7b2b,83298292,"5,523.068524750640000000"
0x231e6b09a4249c9dde585d1d664bb95adc3fc6ae,85667367,"5,459.505230756660000000"
0x030f249879c79331b7a154c48e27eedcd972bde9,85435997,"5,383.286663575520000000"
0x628476231e3a1b1277d7e07c84a6e997ba23a3a7,101986027,"5,300.973049741040000000"
0xe2faa5db450b621d27518c8f7d4b95fdf8690116,82401986,"5,124.420917447090000000"
0x03a1a0ee0e2a14bd069c8691a4adeabfa6a4d709,84200828,"5,053.472825051640000000"
0x5976340ae917c94f1b27a1c2e7b8c100067815e5,48110363,"5,020.092493083960000000"
0xd2ce2670a6428c9ba41c2878a498a2a8c0c1748c,52501856,"5,007.739639383060000000"
0x843988f65c0004b1e7de4f1fd1d255b0fe4a883e,85349643,"4,837.618830771400000000"
0x226e9da4b9c4dcbda571b5a01646c55ae0b5a52a,49658529,"4,820.954568581290000000"
0x2fa01ba633c555f5b9452227153e5619c92316dd,92011877,"4,765.251839803720000000"
0x686d78620aa846b1bdb29dedaf94e2ab47208a04,47068084,"4,745.504099533170000000"
0x0dc3b66a3a6b9415c8041e4b77b7dfd041a9c30c,87290509,"4,695.975716994710000000"
0xe51a5ee79c1fc3907c3657b2243a427c40f70ad7,52346165,"4,628.903143721640000000"
0xb11e239910eaafa78fa925e566c20bc611fd4995,51436973,"4,607.196351966020000000"
0x7b70efc4bca9cc0733c1b615cf480e33f19119f2,88547514,"4,422.821376786120000000"
0x4d176e962af582217eeef44d3c5a2aa950e4d3b3,82949799,"4,381.866121032910000000"
0x954cb370d4b53fa2948e90a202cc213d5b803cad,78532650,"4,376.255914739940000000"
0x61fdff48d154c6079e43cbf14027057b367cb3b2,102101213,"4,292.732081627650000000"
0x2526a6efeef588bdfb0d572d8c373dd71ef4e4f4,50516459,"4,211.913913331610000000"
0x78ad91e6f47e7697d4b8addd73fba6a7f23a7f5b,46460922,"4,177.081111938140000000"
0xfc0b58ab1af097c7c6ca45abb24a08108c438550,78247662,"4,107.160562808020000000"
0xfae772e7498b0cdfc4ea929da72333dcc0dd2517,97110889,"4,096.429702605500000000"
0xb96cacfc32aadb1c50fe4006cad32dda5f1016b9,80589308,"4,080.813308636410000000"
0xc0893fa01108f50fa2a04e2ccee815376ec56233,94075612,"3,881.314931813290000000"
0xe157fa0435b04e3e7fb5bb1878e55fb569f30fc8,80003998,"3,766.951712595750000000"
0xac1b80e06f970879bfb8f2b92b59442593f332b6,83619225,"3,720.519550565130000000"
0xa3a62293bdec8d723cd512274ddf6792bbf0dbac,54674541,"3,667.905309645550000000"
0x4b45de182c358d0a8f0819a2cf74487a8ea4b72c,87518098,"3,623.542316733700000000"
0x73f13990070d5dd94c8e4ea9562f2d617d0487d7,80825852,"3,596.253358835520000000"
0x0e54edd4cf6568de41fc67eaa71aeb52885999c7,81898361,"3,584.886649218060000000"
0x389ec0bd4179dc95ede96716bc63cd4bb7c49377,86387871,"3,558.481054841510000000"
0xb063608c9eb40c21beabe18b214714e0a8f28ced,47523331,"3,503.435929215810000000"
0x00e839bc0c9a130afe30974914c4b0100756cff4,83771455,"3,493.769466618790000000"
0x3280e3da7aebc769cf788de7ef8a192365532f9b,52555497,"3,467.460531848830000000"
0x0b128f624078f9e7a1dcd58a275b445f57f20df8,83485603,"3,439.180884362460000000"
0x1714c8b220bf40e1bedcf3f7713132b6d42e7bd1,29387905,"3,415.799682092090000000"
0x98ede5a956f7dd2d540a7872e5b7b9471bda20a3,82359215,"3,404.322117191260000000"
0x3d1df542e606c2981b6acae463afaed9d9ef1129,85050676,"3,401.675834092440000000"
0x943799a3d65c2f6e88c849a4a10a14eb39b007bf,82283482,"3,381.829327866560000000"
0xb8b5678fb2ed1df5f8e04dd418d255796b97e6c1,108198068,"3,373.386341983460000000"
0x1b72bac3772050fdcaf468cce7e20deb3cb02d89,87272747,"3,356.057978151940000000"
0x259380175dbd94dfafe6640526348ffd305de8bf,86446896,"3,328.799012064740000000"
0x8bcf10d5bd8a0ff835221dd2a9c794b435c52813,84585273,"3,277.011030557030000000"
0xb1028c2d61337589e515d6bdb949ed97935518b2,96362511,"3,249.520283833650000000"
0x60fba3b1d069e1317d2b4b718739e280fbad9896,108476989,"3,129.817827661240000000"
0x3d7849a51a2da3b3b455ca6a6d604c902f82e7c2,33338155,"3,092.221699857000000000"
0x073aba73177668ba1c6661a4ccddbf77dfc8809a,85191939,"3,012.416616626960000000"
0x0621e9d8f6ac96098cdf413289c5e11b9130309a,23683689,"2,980.122580003880000000"
0x3fa05ef7652ad855facbec056a5889a64e366e2d,49980379,"2,967.067300621860000000"
0x3a1bbd14c1c0e2ebf7cd906961d122dadd5448a7,81872081,"2,889.872225660810000000"
0x926253f534ff911348c5271b7c380884cab648ad,84868562,"2,882.455786191640000000"
0x78e87757861185ec5e8c0ef6bf0c69fa7832df6c,108087937,"2,829.872144034620000000"
0x0933f554312c7bcb86df896c46a44ac2381383d1,85909721,"2,781.967648823610000000"
0x369606edde71fb6ec43353330796544852bad340,91719368,"2,754.239688340960000000"
0xbc2a0913b30283c2c680cfc332c8d85399228e23,85948226,"2,734.440044699790000000"
0x5a577dd5a90be0feba8b596e2509289df8cbaff7,82921410,"2,683.935837357160000000"
0x8615ecb2b27bfde5e48536e25340379e60c04cda,96309341,"2,654.569545020550000000"
0x3b775b6fb97e1229b82709eefd25b0d33831a738,62105915,"2,629.603746183300000000"
0x9c57027b1eca93093a6f446422c59c85a5a3fa52,108193636,"2,624.470497128180000000"
0x2f707265e61300e8290c18e38ebcbd129fb0b0f5,90045538,"2,608.089359494180000000"
0xbcc181046fd96ccadf0cebe30d4ff67d4373a126,90869856,"2,567.414739561370000000"
0x37fabdb1d081f0a69ffd2a9525d71cf220041dd4,81674887,"2,541.003317842230000000"
0x97b342386b4291d22f5bf573715bdc23d38b173f,87535492,"2,516.870086331950000000"
0x96f249bcf74b349db4b41fc192d25fe84b4520c1,44929811,"2,506.399682636970000000"
0x0056d1fd2ca3c0f3a7b6ed6cdd1f1f104b4bf9a9,85023435,"2,503.854262128150000000"
0x40f75477bc81a921f830835dda7efec0e7489c62,48150263,"2,503.854262128150000000"
0xec23615309aa1f56d5d01647e9c5d562ff375ba0,83568006,"2,485.462524059630000000"
0x203b355b1edeb6242011a620bf50c19a6af4f42b,78883708,"2,482.322827962640000000"
0x8565faab405b06936014c8b6bd5ab60376cc051b,84701083,"2,451.273322623460000000"
0x3b202b464616791d2eb1417f9dc40497b6fdd6e9,84548142,"2,363.388038022760000000"
0x7a03b2e8ace63164896717c1b22647aa450954a7,78274422,"2,322.284148505360000000"
0x03e9a17304a1c1fe229965616b7dddcd96579a29,48664874,"2,307.471969238690000000"
0x32f8c8b40b62a73d514e8be0f58074edba533937,81565534,"2,271.151609469230000000"
0xda764491b90207dc2743f8efc5b28543dc5d857a,29486801,"2,253.468835915330000000"
0x1993253bf4f1dfdcd0258a324bff554e6a44a385,99870604,"2,246.700593463880000000"
0x605f302bcd8f53024713282fced7270d95a6fe4c,59241723,"2,209.146919420420000000"
0x27c7e71aef0dc5cbcf7af511f3abac8ee6845685,87514420,"2,161.494208660190000000"
0xfda906bd24eb4d7fd31030f692b797cc681306c9,87535469,"2,116.865136232590000000"
0xad32bc446cc906bfd5f74914f5bd9cbd1443bcd6,84127864,"2,085.850712199890000000"
0x74c7eeed32c2def8f932053eb2137fb59a28fb17,45855872,"2,076.416595773470000000"
0x86341e73d9deb4696b1ae50dbce8f2d62fa06023,35474545,"2,069.843192591340000000"
0x93a79ae91740c54b1221bdb2b44be1cb5eb8ff52,100393360,"2,061.250188751270000000"
0x0d58c2e7b04aba6b64dd21057af573bc3255e12f,86254203,"2,057.806058226940000000"
0x862606a6012fa68019ee26ce4a3b35bc2684beb4,91031580,"2,054.278803022360000000"
0x7795c0475faf6c360c4a5748173c72c4f27424f3,78020606,"2,048.405915934150000000"
0xdec79cee4397202739ed948ef98846774feb53f9,93167930,"2,031.971899863890000000"
0x601cc773c1cb38673be5cbc75ecb3a1b2a79afec,86230805,"1,990.680937966190000000"
0x5f82c97e9b1755237692a946ae814998bc0e2124,41774002,"1,975.189004175010000000"
0x9753dc0c13b3685833756a3cb0006d5ef3e78458,89778289,"1,964.907230091760000000"
0x2ea2ce595bd68a0cd1fd34b06df98970952fe4d2,105975773,"1,947.030887611020000000"
0x58a7ccd4bc5d561b89606909456f23bbfc9aaade,46878726,"1,946.129231603950000000"
0xba4bd1c672f0046ecd6a10273ec77d0bb0c10073,103855886,"1,939.899069723190000000"
0x54cc6c3e1d66155397cd428e65aff3f20fc2cabe,85807931,"1,939.589352792610000000"
0x0f504b06bf14f9584baf9dcbb3caca645b136ba5,50358216,"1,909.492576144480000000"
0x5475f42318884ed62be92b08058845c31c1979f4,51089046,"1,877.890696596110000000"
0x1892b15cece1471494af00e7552693f3facc8ec8,81110045,"1,840.414733496170000000"
0x959d7987d9d03583e801905a95624084a7f16645,50511841,"1,822.158063539250000000"
0x65f26954f3014f4356876cb1806a56258f6965e8,84910578,"1,819.803713769690000000"
0x792110d7bab2273b0c084d4e5a6fddb9f8cd6673,94554194,"1,777.723820247350000000"
0x30cefa3a6b3d8295b141c279dc84012d2a7bc689,84667658,"1,762.900000942160000000"
0xaf65c100ffeba4bc89f0d801d7662c5a6238b481,79553351,"1,761.112135384610000000"
0xcdab32d68706f3648e7edd013ad2f38e76f71040,84496411,"1,744.710774775350000000"
0x52997d5abc01e9bfdd29cccb183ffc60f6d6bf8c,80172401,"1,742.917539502950000000"
0x559524b8d5af5292e4ca30b30ea3dc8261e1dea4,95627576,"1,729.627757638750000000"
0x787b4b7ffef8eddad54f311039acf4c36fec9593,37400260,"1,717.912123937580000000"
0x6ab880afd1e0c7786cc5d05f4fd9b17761768da8,93611220,"1,675.037912470750000000"
0x6792c4e8a9efb4ab04e73e9b1c9bf16b7ccc74c9,84822231,"1,673.395348768120000000"
0x117b9431a2f540c276604f3c3dd52a8fbf586860,47928045,"1,654.480563337090000000"
0xeefd6537adbda7b1a9da3f6607dda26b048489c2,98483201,"1,653.664273019170000000"
0xe546b43e7ff912fef7ed75d69c1d1319595f6080,40798379,"1,648.369838791330000000"
0x5e5ffef1103717f17a9a155d0c7646ec5e16551e,84646344,"1,630.526338744710000000"
0x6e52a3f199b9e2da6f9bce4a395cb015a0c737d9,87888449,"1,627.505270383300000000"
0x1c494f1919c1512ebe74a5dcc17dac9a64069023,86149956,"1,618.915842869040000000"
0xb8aa5d63491c087d40fee4311a89b1dcd74b0fdb,98563076,"1,617.632388496070000000"
0xc766d73be01caa06834032bf5c8f8f0f41a7bf36,85189519,"1,614.263515049920000000"
0xb020936042fbf3472b6bdb34628bcca3cf78da4c,78097436,"1,607.237231956490000000"
0x480a1309f9bcc435be85998f54db2d440b1a892f,107336122,"1,599.211901614420000000"
0xb13e63a5bfa4e4532f808987e374b132dc6a0e18,91633349,"1,592.338448033730000000"
0x94c07beaec7e4d36de056a2630d17271e0acacd6,24773196,"1,588.040232700440000000"
0xc399cb4679a5f59a6a4f00473437d0273dd5d7b4,94375930,"1,565.671330326820000000"
0xb2467f2db0c62c9cdb7482a0a71a3f4f6f9c32a5,83238414,"1,564.909567454630000000"
0xd762205476ea5649c689a8a703488572c8b3007d,77020318,"1,564.908913830090000000"
0x75b94b59e59f31f1c1744396c189a4f22cc569e2,48512308,"1,564.908913830030000000"
0xefdcea99cdb77ec4f0a474dda114a6f84a0f3823,48465494,"1,555.834948530910000000"
0x5d2d82af3e07b5dd17b19541c4a21e51366d1a34,87757375,"1,547.094904523950000000"
0x9824697f7c12cabada9b57842060931c48dea969,89240517,"1,533.610735553490000000"
0x3cda08793efc7d056260886d43866d878c2630fa,84853526,"1,533.035425620650000000"
0xa3d06aa70d505e0435de808b386d297cf347bf31,82483501,"1,524.673117206330000000"
0x44ad5fa4d36dc37b7b83bad6ac6f373c47c3c837,86212645,"1,499.583960375950000000"
0x7c1bbfada0e2353eeb6820c64731797f63a8e571,79045516,"1,493.884571306680000000"
0x7736d00b07876bb87c4da13179a1535bbca163c9,78452372,"1,477.173595348760000000"
0x140a1773d1a44393a4dc5397285b2e0ca86dff5b,87948932,"1,461.457409686070000000"
0xe8a83b1f3ea6d27ed3837f36cbab83f43144755a,45391324,"1,435.514149748960000000"
0x1aaf5e41c2c73617bc120097547a3410caf6718a,84323400,"1,428.269980499890000000"
0x05a26d30ba09911bac14f38773ca44999104bd5b,96076016,"1,427.545502595400000000"
0x5ed4a05aa8f4c057a679c340637af7790320f052,34852319,"1,427.196929413050000000"
0xec7012d6e1037024561359c20dc818f92de56412,77314422,"1,422.852302202620000000"
0xd5dd2d695e921bf0a8da750199397c3c33b129e6,83674495,"1,419.880318185930000000"
0xbba2379f5cc9a2f248c5cf18ad72379ae2478f42,96371583,"1,415.894812513020000000"
0x881DD85238ca7a71d12e6499405c9A51A25355C6,88272644,"1,404.796208003430000000"
0x1e360bc4d5631766474d1af48e4e470c17891315,92281936,"1,400.017854639720000000"
0x34dccfae06202d1167797870679fc1fb9ef7a523,55428873,"1,380.392345535100000000"
0x6994ba66fd6789044c4ad43786cc16840d099c8a,85830609,"1,367.329852394010000000"
0x432fcd67815d5cc72808a7815a02373fdee7d740,105177016,"1,337.847109183640000000"
0x174e070920007350fa0193e0321f9bbd3984949e,100172784,"1,329.550946427340000000"
0x510d0e4def20c6bfd84f080bc424bac5c66941f4,35736053,"1,327.916530512740000000"
0x773743e9e4d124d7b79c98799da8c1e14f032080,89107183,"1,326.545095995880000000"
0x9c52dc78bd84007bf63987806f0aeeece0ef14a6,84859221,"1,291.485901211240000000"
0xc00a6614b8030ce216302016e11c6b4140b5e499,89854876,"1,287.067604431320000000"
0xe33de5c1d7a2f91149f179bd35be4ac503d2f09f,80920968,"1,274.910444393850000000"
0xe298378925d7ca64d45d5d0a88c2d6d85ceafd57,80317108,"1,270.652963480650000000"
0x4693c4fc40c93193b4d9bae0a9d0b66356e71066,85570332,"1,257.940337815320000000"
0xc5df8672232f1c2b75310e4f2b80863721705a12,106179528,"1,256.911353873190000000"
0xa1958a37c21372482deff4618baebbec23c9a449,83707706,"1,255.239211522320000000"
0x6980e09b44f5b59cc1c423afde8ba10200ae4535,21303975,"1,253.179058195140000000"
0x94cca8143fa05c42804e14e290e75bf0fb26c7b8,102016134,"1,252.957942667310000000"
0x5fb06990683e6a57ce9608702454ee55d30fb0d3,78576626,"1,251.986528739430000000"
0xcac99e3f8c56d5508b79e0d773f08c41a15152b6,78622301,"1,251.958429242350000000"
0x625e3b36d2a8bb362254fd6a6206b0b618ccdfb9,80642400,"1,251.927131064070000000"
0x62959c75b0ad2f02db9a458fadd2843cbb1a9e6e,82749057,"1,251.927131064070000000"
0x6aed19abab347eb07a2c8b264fc5c4c1b002210b,84844213,"1,251.927131064070000000"
0x7ce549b40a68a64df72981e3146e5352aeb379c3,24702221,"1,251.927131064070000000"
0x8d309de16a745c15ffa00a46da4eb3e044c54d63,33283251,"1,251.927131064070000000"
0xe070e13c4af740a93109715b0c7c2ba7c30c4ef2,78104461,"1,251.927131064070000000"
0xe5ae5aac9a19ec43abdd161e95640a1cc12ae348,97962509,"1,251.927131064070000000"
0xf2da8b05f3a9d20e3331326ee48d19a21842dfeb,98866717,"1,238.988434563400000000"
0xe6fa7a5d3538ca68b2272bcf9666faf31f274815,63995001,"1,225.585119345330000000"
0xc2f9118d721c50cf9232c45d52f4007fddef2108,82833878,"1,207.313668727380000000"
0xe3dff97e14f3a55228ed2f614114bf6b27a7677b,81714804,"1,192.493218411380000000"
0xd2276d87a3854ea6f4adc82c25e1f1ecb4e23f84,81305732,"1,165.668037392700000000"
0x68deb97e36275fe189f4d9db80e53aa96b17a04c,47665049,"1,156.478574402080000000"
0x4bf1fbc233cd6109c35a4cd9d34540173af3234c,84060375,"1,148.255806657450000000"
0x6c8e4d6f376336871821dbe369bfe444fdd1fc99,81148939,"1,138.157011984270000000"
0x4dec19003f9bb01a4c0d089605618b2d76dee30d,51102904,"1,136.986195867770000000"
0xaf4f29c256437437354dc020b57ff73b223c18e6,54811509,"1,136.118425993800000000"
0x9b52010910bbce6b2fa9a23b61551d6e365fb5e8,104478487,"1,132.603298160590000000"
0xba0c565110f65d181b9ff1d8a9f787b52857bb0c,90186012,"1,128.122012799520000000"
0xc6153e14a2340977ddfc8e4892a62253138461ce,49527830,"1,111.096531102890000000"
0xc928499a080594c8854d1a46dcae5e862acc5d08,77628412,"1,109.431624568710000000"
0x2bab943d78b02326bdb3475a202e49775c8e28c8,99716921,"1,099.003650547850000000"
0xf4c5f7a94e70072b01eaf38bd049c25a0c6fb32b,77380112,"1,065.744971533840000000"
0x5078c825e2f8a4408a6525d9dedf64618f149710,41293760,"1,061.125807432920000000"
0x5b7897a5ed54642e388b9bc470912d27f18d98ce,84944110,"1,054.380764164950000000"
0x222a227a5dc77c643e836556e573cb266998a870,62333396,"1,039.397519574680000000"
0xb0cbcc777509b0ff315392144b0e739fb443531b,83028354,"1,037.686235037720000000"
0xed51d70c30acbab4ca261057c4dd94f8942127de,87325398,"1,036.016975638380000000"
0xd1ccab6b1f4606d80106b52a4415985ab78cbb93,78000661,"1,035.326267246960000000"
0x9c19b827a3a30376dfb7607225cfeac20aed5fc9,49758428,"1,034.099777655410000000"
0x23cb399ff19d6d01f80faf0c03a0ea2288dd7b0f,84767716,"1,032.219071972550000000"
0x98a529e3488c2d44566881feab335b17b1c3b430,78048997,"1,028.332945456030000000"
0x4166205758e79d3b2a169f4c9a301e1813d89668,85107447,"1,021.079061250640000000"
0xb203df26af3666f4214661f7f903c46edf9403b0,38972967,"1,016.394451049820000000"
0xba98f27aff0d89abca4a024af8bac9b00aa67832,82103702,"1,015.032146142900000000"
0x72df07babcea92759602515d2065efb49475c97d,108485683,"1,013.860956683540000000"
0x05bdf051fd2bdd05d366ee1ae4c02733c6823cc6,78813217,"1,012.886481860070000000"
0xea4007a31d9a81c52c5a5106dfca203000e4e885,96651475,"1,010.509233443020000000"
0x403d37c861fb54b8f37a3a1870abce335954840b,87598070,"1,009.821795372480000000"
0x5bff1a68663ff91b0650327d83d4230cd00023ad,89351034,"1,004.140033479030000000"
0x1ae4f1a178abfc6b7c90da19917676b82c698e4b,85525741,"1,004.045559113390000000"
0x8a3a746b66cdb1a80a72f615bab322438c9750a0,41058585,"1,001.541704851260000000"
0xcf92641e8463f2906f664757b8b272ec24e418cb,44793198,988.631856444049000000
0x4ace9dcb1cd7d64acbac8384a5c5ae40a1697380,97698729,987.790738480794000000
0xc219cafde6855f60da76d9cacc3873fda65516e6,84705494,977.259894503050000000
0x64709afad07004beb53d76ff26c5549a84f3a583,78067047,974.572597532191000000
0x7a8eb068b008137ad2c4f3a852c55ebce132f85d,81798149,963.771915640131000000
0x763c823e2bdd66538c85736b1784031fa4d993f6,84693544,958.306382244724000000
0x14fdbab1c203b08fae40dee74ce0736e57a18a3a,81116334,948.332007383546000000
0xf3a8f29ac7e30be74ab2bce0f2d537b1a86dc76d,89892167,942.844258410310000000
0xa6ab5ca03954e8b2bb54e9006efb8e68824271fa,88793421,923.598716977964000000
0xeb0cbe40c8cdfa1838a21a031edfb401eaefc651,86253785,921.445169381120000000
0x18829e507e072af3697ed1a33a6d8d53a86f11a9,96731993,915.368273271291000000
0x258a4963c983138ead92d71aeb2a8dbfc56708ca,36061483,911.520489959223000000
0xece1477d3c350a42486d2dc802f6243e99409a41,106889950,895.729182900833000000
0x4f16ca6da7f5be5afb574082108d8631cd586423,78989537,895.409110526557000000
0x6ff8a0b19bc1275fd7e2075d4de197eb518750fc,35941095,888.328417552321000000
0xf504b2bcb9125e3d5243460999668d79f38f9647,78632946,879.612816358717000000
0x6ce699e7b3968fd238a99f2dccf104cba99f9b9f,86243493,863.168837724727000000
0x2943ff6c095aa1811c8b15a0ae8fbed70b2ac589,89398023,860.279204799427000000
0x303f2d38ab911296deca9dc19968a854d9cbcadc,101312771,850.676112816856000000
0x63b4b9081e9eff9498421998913702c350f0a09c,89397712,848.906370090091000000
0x4b887546c27b2df2e152fd2d2dd93030706d2363,42153074,844.356971790534000000
0x5e926acf797e72d08e66e1f6b2cfc49200453c6d,82435102,842.086805871591000000
0x938898ccaf594980adfcf7235772b23b5a1e9826,83264092,834.370195592772000000
0xf652f5fe6a9bbd134ee069be313bdb7b37b33db7,82754380,817.966586839089000000
0xdf84b6941601d20e8b0a8fd787541709144e4c8e,83191765,811.681572821930000000
0xbf88345bb071db502391aa18fcd37ad91210d678,24766970,793.547357609934000000
0xd956e7142baa2533c7e54a1a2c9cd22e38273c24,86054557,790.549748074014000000
0xf61d6742eea5e1f29cb4b96cf7108f32424d562c,39784247,789.017645785757000000
0x2334ca11802c8fd6b0c11c041b1c19ffc90e7c93,20897795,784.137936139800000000
0x4b50ca44afc1e27f129b3060467a0284d80b618b,90043372,780.923477745642000000
0x1d2e5c0b1ad81544c147759aff4d064c9899571e,78268645,777.601729437472000000
0xf0754756e71aac7ad2b6497e7006f5e44d68d592,89132812,774.515850504618000000
0xbcb046ed6ff5f4ca01f2e03329399e10bfc8c58f,77146044,766.502221177698000000
0xcf0de3dea22ff2b1ec918c13fdc31f3874fc72e9,83123640,760.526584022847000000
0x72ddb9a137f969071853d11165539052a8936c78,51269444,758.004536236778000000
0x7e295c18fca9de63cf965cfcd3223909e1dba6af,91476712,755.946930382156000000
0x1dbf00bc3f40f551d79422a96367a6f58ae59412,105829500,751.950714551744000000
0x16c4dea391b7059203f4acec8ced70411d52bd17,82702663,747.998506104802000000
0x55c3d9b00eaeeca9c34b13817f0e94893b168625,85547116,732.606804495924000000
0xdaf93a6a56aec45f7b23aebd531177cc531133ef,86308168,723.185415439781000000
0x1ab3b23cee3fbbcc31c56f7e1a144961e7a7804a,84892316,718.743508571086000000
0x39e1c6a9517eb4709b4db48f49c7d8321da1af5a,85112494,713.991568542480000000
0x1819bc55d09e4a5abfc83d75e5991cc2c91b81ba,58060247,703.503375128342000000
0xb888f9f40f6007c06681306bba976f5e25691e1b,102020024,703.237733084736000000
0xaf37b91ebf3e91629462d5c6fb263acd025b12c1,82746515,702.310233464916000000
0xd3bf954fefc9c2203c45a4d5aa782c208b914664,37025305,700.110634146284000000
0x5cf5ec36d95568ce6db0c97c7811941338620664,49484754,696.657824995317000000
0x8f2e458791069494eaf3789a1ed8e0b69dbe8dbb,79721769,693.585485257373000000
0x6cb9dbf399775bb75c1b24e9928a5a14295f08d5,86641511,693.275869647913000000
0xc50c77dd954f6366e034da86e8f3fe9958cc6418,93622493,692.620589974860000000
0x53a385d47d3a011539ec377f53acb410f53ff97d,108520920,683.204701850647000000
0xa1bbd8d39ed536dea030a32f3f6c5916c845a800,97089016,679.070127005070000000
0x9174016cb020e73728bcf39d65fa153275a7a13b,102817675,675.955451469694000000
0xa31322446260f58338435bd519f3a00a0d158091,65963640,674.831866276343000000
0xb08e7985e84ffab8d0c85a56aca87819e4e35450,43004263,669.708539744009000000
0x5547e568705ed69440b499a2e0eb769c956fce01,87558357,666.322732536717000000
0x1f723a433984cd443e2d07dd2da157e24065bfc4,83519307,664.995867202342000000
0x3f945c994ecad81bb15e5cb8d9fb5aa7ec2fca70,56429080,663.521379463960000000
0x36cad6beb417dfc9e7feafb7b777437526184108,33915369,659.146769085836000000
0x9428b02560e91608bd9780a916d5eb89eb9a4b6d,82958008,656.021937693179000000
0x2a7051d7cbbef7b6889f8e14774020b1653b94c1,77346271,655.676119612046000000
0x550dd35691e684b2ad82af803b02cd481ba52c5a,82140834,655.246057723537000000
0xbbd98aa93942ea47f99e071346f7c17f287ae441,47764849,651.002274628280000000
0x9d9cf0a22584e3afc597c979f7b6b235510934f9,25095227,650.230913684845000000
0xb40e7daa5ff7c09b38f3bc485cc46bc14d635d4d,81369602,644.896376838037000000
0xeb1bec018d292c25c28425227587135189ba7ee9,83844336,644.220050942287000000
0x5bb11e08c24d83d526ea1b6019c320ce30f97d51,77932250,644.173874459239000000
0x87f13c2d3550f32f5eb4c3c3fea371d3c7046f20,84774216,639.897526458520000000
0x4e46cd691b0a159fbe5e2d08a3951a324e2fb4c0,88508729,637.585392649011000000
0x2775fb7e8ac8a3ab06c9bf324c5f2c568d3768df,91917558,626.035237833108000000
0x4a5efa846e7375a40dcd596c7c6dadb28df28ae4,47590987,625.963565532037000000
0xc2a49d4bcd6f1eabdea459977a3e7308e33bb22e,49302497,625.963565532037000000
0xc85aac62debcb68b94a2eca550f650e069bcddd1,87604158,625.963565532037000000
0xdee45f774fa311199c5900e7c99a609e27edcd4e,100259782,625.963565532037000000
0x90c0bf8d71369d21f8addf0da33d21dcb0b1c384,102857282,625.873442485280000000
0xfc4b2a62a06cb2e1c6a743e9ae327bb16977e4c1,101109986,622.300288504555000000
0xf23e1befc889ac30991762ed44fbd8ebf260419b,43506408,612.053077758316000000
0xed504b13a19d5104f6ff316396c792ed5428bd54,92013408,608.299046314760000000
0x10e11e6443904faf15cdb944f3e99c321ccc6199,83525862,607.418719596610000000
0x8bb4ffb2a5a7785b003a639e13544b5e9b196508,62332581,605.178481571141000000
0xed25349bcaceed093763b89551dde12cb1a50a75,81621683,593.641217215773000000
0xa51cc4578939370d3b680f145830b362585964d5,77874419,582.649555334921000000
0x76b20a25373250d1229070d8876c45a675e61d89,99455028,582.645951240315000000
0x0a2c837d4fde49e5f27517a1edf25e13b1ffa2a9,54958522,582.494331732908000000
0x56e25f7082d893f3c2d4f98b81e0a4381bcdd77b,48644557,581.839759757647000000
0x6278f579c3ae0c298aa1c63ff5101ff42bc8f101,87787917,581.747073486419000000
0xa6fa0280fb7f57328372cca92d06ac504c9ff572,56733386,578.777916878476000000
0x7cf7d9ab22d62486d9c79585acd4841817ae68bc,102888389,575.346721869969000000
0xa8470d7e5052f64f87db7e5d40ca660cfe339531,86398178,573.595588435087000000
0xa296838638646f5d411169ef6c308cc745c2c74a,83789711,572.350295067957000000
0xafeddf47589d5c9c58754143c04dc5ccd9820909,85886046,569.496017381151000000
0xa7f73316e620382ddbb7bce83459772ebcd00fa3,84847230,567.296859226891000000
0x1beba25d86fce53c6bdb028d2bf71abdc9b6a9ce,57553084,560.834321245281000000
0x322874863704d6c6927b58a0a8c72a69193ba637,82950685,550.708286503776000000
0x1703e33e3c0b3f8cb0b614d8a623345c4053ceab,89925054,548.494784807489000000
0x56e7d2a9d752bbc63b47215ea3608eb85a5968d7,99395467,544.415124870985000000
0xc30bd79d8a637d301d676480902bddbfe08582f3,99710219,542.919956825740000000
0xf590d85c60fa9aa932877073a93cce542bb247ce,107414253,536.073048904077000000
0xb646e04fa4dbf9f69b5a8dbad9dd7c83e4033654,83829614,533.727283253297000000
0x4ea6415289cf688f8a19381e1a9af213d2510454,100186141,529.488851716503000000
0x1efe89c3c8bd55803e4295960b942a2b9bb91782,86633528,529.142652029892000000
0x0a0ae914771ec0a5851049864ccc27b1baa8cd43,102833665,528.171838987906000000
0xdf501d7d38624d7b069fb7c38348095c64dff767,95673797,528.033651257460000000
0x27861e390d45715fb8c2498cb66800019cf2dbe5,41897278,526.693236228273000000
0x60959ed8307ee2b0d04306f6b319aeee8864f1ee,88594219,524.588607632367000000
0xdba26a609737440456a54c2eeb6feffc4399d986,54918546,520.348078684183000000
0x36e272fa836115837b1dce51fbd8f273f7d839d3,27094476,518.514488334904000000
0xb2fdb7b3773dfe1cc43cd15964acd2dcd210f8b2,46177350,517.940295893362000000
0x7217a656bd5442ad6aa51014e19846f4eaf42fe4,77306720,513.178172862392000000
0xce1f76ea807d282861ef802d06355c9a19bc82f5,43483811,511.622035338804000000
0x9e5f08992e56cdc14e516e40879126175fb7b9b5,46338161,509.653287072914000000
0xba8765802198e5c19f2ba8fe9b0da2b225927aaf,94982866,504.784447130569000000
0xd8b2b7f42873f111348c835563e26865474337db,88400610,503.094788933733000000
0xa3b11d1f06d71eaa9cd3d0142f08e7ace9b474ec,44327159,501.729994433156000000
0x49a5492fdfe5acc966dd5f41310dfdfe8daa349c,103384230,500.771272167122000000
0xb2ed0ed2dbea28b3ff3eee974f862ea17205c5e7,80452801,498.801301054278000000
0xfaff4170e628aef5c5ce84c47ebddb5a99517fe2,27782850,497.701721103088000000
0x6b13b36d7f0add9c96f9aebc884374d9e974ba6a,88443432,491.137975378242000000
0x20d3d421e06e43d280e685067e329b780915a757,81415632,486.400281773132000000
0xa66539b1b76d040c1a6632f8bd85d3da1dbfd35e,27814686,485.256842657557000000
0x02491d37984764d39b99e4077649dcd349221a62,80615404,474.204564757986000000
0xbb40888f5c2509eba0dce37dbb02d15f6d26e1fc,79625657,473.594075241347000000
0x829ceb00fc74bd087b1e50d31ec628a90894cd52,77849612,472.354060048400000000
0x2def61ac775df19ae12cf41909795aadb8a334c0,83122645,470.398027368409000000
0x1680c3d528f4814bb3997b8ad4a2f361bd7020e7,95955665,470.340011701518000000
0xabada1b4fb722c50c682fdbd9c6df0de74c061d1,26377687,469.638580702071000000
0xac59f71c383de1ef94802676f72f1bae3d7d3029,37684316,464.023670477728000000
0xfe8d5dea7987d101247243d5bbaf7804a1ff187a,102937214,461.898745245555000000
0x6ca0d65fe5c8700a5cc7a2c3bfe801111a1ded1a,84491456,458.431192060726000000
0x6a11bb3014df9d228037f62510940633215ca1b5,51198205,458.011924915226000000
0x42fd445e08c89e264695e3687d3fd3547c75d6b2,84828558,454.575841925018000000
0x21a0b6fd81ec697e326228df279f9add0d1b021a,78067371,451.544527111261000000
0xe5c4f20d6e299a637a5c172d181c30ca5950b852,101474243,451.117578546327000000
0xcf3ccafeaa0468e39b80b67b6e2b4ea3dcc8bef3,46724170,444.889465865815000000
0x7626f002aabc4bbd96505ff9537db75c82dd07dc,91370094,443.713012092079000000
0x00a67dc242df79dd7f6145ce38840581ae90c110,82565159,438.507205059145000000
0xc258d51d09bbfb9d99365e95d16d197a78469128,85725603,438.334029270929000000
0x604115c5e484fd8adfd79123817e48257c96a925,100796547,434.823170783883000000
0x4530f3959ba3a9cd11020e34f985ca093bf5a54d,50969050,432.403758958822000000
0x9e13e09c176abb6a8fbda9e0272c728d20f188af,49046223,432.103594234880000000
0x28bc398d2fcab74212b766b15e26ebd986b5fffa,52165694,423.073106983809000000
0x9b484838af17ee7f9852b1de53a356fa4e1cdfe9,28013291,414.483973058138000000
0x70192b2f68ad1840dfb5ff051b80f730373e81b8,77878574,409.006210891307000000
0x0339cef12a92ecfb9700d051400abfa6ee585c97,52335542,407.481727278260000000
0xc85e968c6bb78fe5148804438ae9e5abd6895fd2,62078131,406.153515971857000000
0x0d492c9bfd27778ee42270f7e5bbd9b73cf56c49,45820165,405.764836905526000000
0x195b8b9598904b55e9770492bd697529492034a2,82421838,405.610487377845000000
0xeb7989a7c04b70cea2bef6c2160ab7afca2a0d98,83959760,405.587394084200000000
0x3d713067761725e6a237e5a0572aa47348eafe3d,100856241,401.638779764339000000
0xfba9034ed1c0767bfaa5b51768e0c0576f94cfa0,79779821,400.068641410164000000
0x3830f1290da3fdb91a337a1458aa34f60c49ffcc,94789457,399.272648518209000000
0xb5e83ad7b19346587046e4d9c17c28abc2039f21,85137231,399.059461778056000000
0x28c6e0a61925c5f36a095c8772e60d369e5aaca1,108199368,397.884396422509000000
0xd917802e8927969a824ca5fbcdb635fab76ff8ac,78120291,397.676798809263000000
0x56a356c378c5fa08dfd32ee4ca0dce93f328ba37,86133074,397.591860722922000000
0xd08bd681db889b8bf3095cdaa863a05028a7c1e7,89384697,397.564702321442000000
0xfec2de8d9e77214cd219cd03c0e722d82b4de541,78114859,392.704625426846000000
0x97404c966418c0c91d23de5f1c159ed010f76914,83828619,390.037212063215000000
0x7abfce9bf06c6caefdeb03b825c6f28cff55ae90,108458679,386.324779418666000000
0x5dff1e7ade052b382bc3bbf627768808a962c334,84090452,384.821875823356000000
0x28cf3c605216a841b1e3b77aad0c82d760ed7a00,89169595,383.702281993022000000
0xe87a10d5b212d169ccbc9a50cf5e23dd3da27cb6,105963503,380.263484167986000000
0xc9e61985359f49bebe66c6de28b841d6b90badac,51085549,380.232638555996000000
0x47d6f96ba098816389db7c87cbf077de7181b853,84607788,379.298830810324000000
0xb6a49b08f72f3ca662dee27c171658a576ca293b,18757329,376.912339649337000000
0x7b0d3e6a5802b93839c0b0a774a44fb4c789f37b,30318039,376.248254262509000000
0x06a49bad481e9b533f8d7abc1ed2c755b5c95e22,66797810,375.578139319222000000
0x3c90a3d43f3f5f2d876c02ac3032fa72bc067e50,48023272,375.578139319222000000
0x3dd46c99d08d62e0a5abb5f755656eafb0aa4e43,78048201,375.578139319222000000
0x58106b4475ba06994f95e230a68ccc957ee7896b,28653772,375.578139319222000000
0x49991a1e729652c62a328a5a47996f3dfeb3df40,80694486,370.191452873480000000
0xfee0a5607c453f0ea32599ad0388eabd37a9c404,78643201,364.714666333434000000
0xd4cb36e89074608e36cd138ea4bbdc8eff1cafaf,31650016,362.573334953900000000
0xad0bced4330bf3632d3bdc6bba4b9d9d8b238236,21973430,359.671354651260000000
0x7f4570bd5cd4ff76718719a5ac02c033ba432239,51580269,359.078498194728000000
0x26e3ff43b7dc911a752f2e44378516ae575dd4c9,84591340,357.086899345814000000
0x6d4ed8a1599dee2655d51b245f786293e03d58f7,78478424,357.015075529629000000
0x5ce676b01adf27de6b7637b6dee71f01a109a198,77133043,356.076756773854000000
0xf5b15c4649479e6811513a5c5ebbbddf3b108fb2,91516627,354.452843878971000000
0x3c61a6857adb1f4ba6a0155b990bf7a7fa530390,93631864,352.532176831007000000
0xb967058350d81a6904472d2fc8a359f7d76a755a,92553958,351.608224249796000000
0x5e42df062159344da795b26ec5e10851b0208863,88094147,350.545951986559000000
0x282ea59e790f6346a92c68011c3c517b764fc02e,46073482,350.350937622968000000
0xc1c79c6378e5a72895c8ea15fc6dd59ffddc8dee,98049864,350.226424350178000000
0x4d6afe95850212a15ff41038c3d836a81a11cd10,78339095,349.689710602971000000
0xf73f2d2b55c499ab3e85ad0633433969a8745b96,35836972,349.439038374354000000
0x0db56c99b8ad68f35f4b1772a4ffed3fb16204f6,46141043,349.312986146250000000
0x91f33fdd813a86f70c0ce4b3d90e1a00f1d4c63c,35167520,349.227868154257000000
0xd53a92ce35ee4bd1cc54966eec499b0018b408c3,81237732,348.880940076702000000
0x432dcbda06e8b296ca29705572d7cb6315ed8bed,77440603,348.100739059578000000
0x954c8952cfb768617141a2cbeb2b23faaf7b89cf,91005343,347.928593770177000000
0x26a41424bf8285413f499cbc59afabbc0141d534,86217883,347.726323805352000000
0x59985b6660c40a0d6fef4a0ca4c2efacd3ade0ac,38095858,346.244015651146000000
0x4c28b7a52cf9b44b7f775a0660fb09c41694ee7b,88313920,344.201849713028000000
0x8f346221bc7de074e01a91a56dfba2a88db5a524,86014950,342.096271256731000000
0x375a9574078e20b442a281224b503ae960785d9c,95050252,341.370615079499000000
0x3c0cdba6547d1d3f36f9b8ee47809b4b0790ec9e,84933942,340.792353686236000000
0xfd75b173c860c1478c3ff39453a0c72fedce6c81,84662088,339.251540757342000000
0x93c20947353996eb928af059c07546814a7f88c6,80561275,336.406370476072000000
0xa7c6d9668d8b0f4483835479a0c00b13084daac2,77990322,336.291075013443000000
0x39b185fcf2b7eff74cfd2a48be043f5b55c44bdc,82910868,335.338817075502000000
0x4d26f0e78c154f8fda7acf6646246fa135507017,94151748,334.264543994108000000
0x57bf3b0f29e37619623994071c9e12091919675c,77306792,333.974251778709000000
0x79277c435c41e9dcb99d54c4b9c4c78cc2b5c15a,91358085,333.129745676321000000
0x0668fe058aee08633e00469cfab22c5efa58c3f2,77869160,330.654948819814000000
0x483cd981361eb7ddebeb249e8faebe22ad638c6b,82181485,330.302079448240000000
0x15b3392708755a9f7aac3b33b401d7efa3d52f38,46853814,329.673429900289000000
0x8ada3d85342c3d17c768992a56d39aa733b5b38c,95904589,326.329900015767000000
0x50db7efacf9c48ca1da8c1250505f3c0d5f34515,51801249,325.763515192974000000
0x216dd8ac9574c8891cbfa83808e1cdfe6cc61c2e,54241092,324.999324682310000000
0xe7b4d4b35a0f2045c6e77bfdd94b99fb0be961b0,85866382,324.364080553612000000
0x912b37e4ad159882f60de59b27882c5daf3d7e5b,35928281,322.452477221112000000
0x136200e3728ffdc1688e9df19f0b6878422c0fbf,87019309,321.273112721465000000
0x2f10ff6ab2e9af48d28d6ff505296abd680951c3,96614302,319.470352900755000000
0x4f918c5888d57505e32bd4e3046e4bbd4f44c708,83175174,317.726615526062000000
0xf7b18e107eb36797f4ce36de756630b9c30969ad,77607758,317.087751476644000000
0x78d6d4c7adaeaafb0e3ad642012cb1cc49ad18e0,84831364,316.097082291478000000
0x429158359acc2662f60b582e851b51479cfa11e1,87410236,313.669731304199000000
0x160a246f571c42eb55a947e620335b83bbe27473,80763371,312.981782766019000000
0x717f4308208827bc51982df8f8fb28e49cd6d540,84836627,312.981782766019000000
0x93d87d3488b2774dba828a53af99b083587bcedf,54418149,312.981782766019000000
0xb82adf9206ffa17b5be784d94a8ac76606691c56,33877909,312.621098637343000000
0x6b4da860944bc7c32c1cbca0552bf03d95c02e81,25935505,310.831869327013000000
0x40ff919912ad1e571de709a147aa124ae7017fdd,47053538,307.766032040400000000
0xfd5b28aa06947b870f158e21c97fe42e262391d0,88752072,306.739027526519000000
0x05efc12df01a04a1e92d817d4bf5447178cb5f2f,30049394,305.907143700894000000
0xf5967500b53452c7c594eb78ae45de671bd55d0f,82481180,300.961270479432000000
0x4fa2eb2a8ef0dd308d03ff0fb5aab60dc2fa48fb,99171349,299.223249852829000000
0x52c635f0c85f2b40f8206a5afca7ec7091b945b9,84865805,294.924506671745000000
0x272aa3401c119726672b2ae08d1599956afa7b63,87947016,294.435596006555000000
0x53f1dc04587af2f5f36e0d4b49c9ab547804c479,96904197,293.473780407471000000
0xd85a3ebca84eca2f27c8f273aa6d33292b992e9a,43861706,293.085617188093000000
0x2fd5bab60d79951e12074a390147c00a361c43ab,75695465,292.431534396327000000
0x9f124b8892aafda2eb3008a7442d1653ee0b39c2,101865163,292.387430539847000000
0xbcf8c5f6ed6c679e6a5a858f807f0c15535fb16d,79091797,291.463630719606000000
0xa4444cec5450dd48adf8f82ea91eef32733e0324,49105622,290.925356111478000000
0x1b347bbf54af05b5252b3f7e600fa7b00c18038c,91554852,289.998159630367000000
0x255023cf86b6a0c3371dd7d26fe8060a7d67c8d0,83377239,287.943240144737000000
0xa5f69f96d35cfd21f57859935b58d8804e582ff7,38084811,287.943240144737000000
0x1b3e6f7c64c59729ff23d27857c44044627ec82e,81424850,286.361524270993000000
0xae5499976ffd3e58be47bdd51c787a5201d957f4,108091293,285.096062634365000000
0xc61b244fa2b83efe9ef91da7390ca5fc1cbb35b1,84781940,284.112690516321000000
0x4f35b7aa963f5b0bb2a5a65aece060a740b6ae4b,24891579,282.469047489488000000
0xe56446c8ffe73cc9781dc35bce64c9bcbea3373d,100639285,281.368301057012000000
0xc555347d2b369b074be94fe6f7ae9ab43966b884,86739534,281.141236523657000000
0x6d8e8da575f803deec0288aa99b645662b0591f4,82164240,281.094703557157000000
0x2112675175dd1bdc5b52d5e5299ce2070a3ef90a,102353266,280.094353829008000000
0xbdee104f077fc445b066c2378559d801fac58a0f,52754143,279.122375275742000000
0x23f3e6f1e807d193b6dbacabb08f3453e3a52a6d,91125383,278.911953875494000000
0x3c6dfb5d608c4849d289d81d8bfccbd48d86d0a8,88481460,277.130003555220000000
0x5d1132bfc763574145ec0eaa2d6152681e2fc845,31494545,275.825071914323000000
0x5929cc4d10b6a1acc5bf5d221889f10251c628a1,98276343,275.633631614003000000
0xd2c0884ae6950bf8cac1b91eb181449a087f58e1,98212237,274.282097715518000000
0x3d484db8bb7cc371b70f2f9472bda9faf414d39a,53422896,272.556078623074000000
0x9b45fd2c90b72f97d3ab3d015c2a4181d5e32d96,77080598,272.217693763849000000
0x90911bbf405c4e131a4d7475aa8e991f925e0185,94683745,271.950329864947000000
0x9224bbb4e0fbe2f2f8fab55debc41eb21fdfb804,106213494,271.454156026202000000
0xe1f987cb66d8f0da79cb0fe245500200bbfba51e,107105362,271.269804169283000000
0xf088b678310ba27a552cc64ff95126f485522a5f,66270824,270.210785445401000000
0x8fc4faa9dd274dc801ca629234e83183031634ec,99116770,269.342135366303000000
0xce56d6b89aba96c43e8fbf02c3bf34a751952c19,38817777,268.751184706254000000
0xc13aa1d5fa211d04b7dd87ae2f780151d47022cd,85002647,268.124781656264000000
0x59fb62bc94ef3592949898c948c199abc3990ac6,62362326,266.777235909169000000
0x43aa3766c89437b017406f4ded420a8d72e1f5e5,68474595,264.411348478203000000
0x4003966c905e0239f71475f637f56d18c220d3b8,64426621,264.178614155834000000
0x64982baddae961858c1f1a1e48aef31deab66275,68359976,263.354139947235000000
0x4186c746d04cb987b795822d50ba6713851d1d2d,33094622,262.433363427745000000
0xfb737e8e3d9fa74d7e844bbe5860e7fbce11a987,82128385,262.074590257860000000
0x3499604cf488845d9c6d327c7af2c93ba770b3c0,82847484,261.690687726064000000
0xfd6d3dac0e787a8ab01f5ab5f4a1c877790f27af,84561343,259.165833367302000000
0xc4d14953c039221e795e90b51e802c05d5e88e12,82458706,257.949872881338000000
0xc4a7c403d012085e963d18c6229dc1d2d6d6baca,89589036,256.574014287006000000
0x947952c7742e9fec4c3fd9900f1844aea505a085,49117481,256.505061904958000000
0x5b1a102a8f82fd2c1231fca763a7170920f7a7e3,86702777,255.566499190865000000
0x5b4ec638a242f5ea51f27c1dbf1898808d1bc9ea,85253907,254.967713676912000000
0x4f74278c7a62898cd198e2441c436c72554fad81,80736764,254.196679583662000000
0x4d3869e2451d28bb4f03aeda60322eaf01e912db,106496306,253.711058901133000000
0x1d90fc8612389b2eada739bbba12865b18516227,76880143,252.680327193298000000
0xd19f070d33e2583ea7e24a2b496bd9dee38bcf58,86634726,252.018270049417000000
0x99daaf637e697c53afaa67d6ff27e336db925812,91906273,251.669708494910000000
0x688b5c7b549339922c0d2243debe2fe921a1a488,80534356,251.637353343879000000
0x09fa38eba245bb68354b8950fa2fe71f02863393,77963310,250.471600982854000000
0x35a807f9dd68c7b03a992477f85cf5a08ee9a69e,78666364,250.422070211296000000
0xd6715f048b7812f6fcfd04a84cce9f391968e705,107454901,250.396144251877000000
0x789b3a661e6a48d386a3246606fca9a8ffd1a75a,39564565,250.389988722290000000
0x32fc89ea9895bf05e4c5086a7a7a48d622a0caff,52129607,250.385426212815000000
0x36efd9914d30b16575429516bfff0f196062dce9,41559393,250.385426212815000000
0x60662f562f0f06aff461a14526cf3b9344a947d2,90251294,250.385426212815000000
0x77f228ac7d85bbef757a590872d43495b25d00b4,83117457,250.385426212815000000
0xe810e951e0c8e2a2f78f8452584063a8654606a1,86022214,250.385426212815000000
0x539ee70082ee32ce1cfc3cb69e004d8d06fca2b4,96336335,249.956814497170000000
0x8d9ea09c1087c75faa39151557de6a30c2a49e7e,105297907,249.007241272224000000
0xeda18bbf6d77a93ba70fee0d2f317bdd23032770,89494508,248.170558371275000000
0x8e6bf84c3fdd45e60bed8ae233df200f389abe0c,78387769,247.337836696810000000
0x01e0b9117308a04ac343245a37ab27b9a6545650,96504391,246.408134089958000000
0x4036cfaba5f50ec243e00115a9cb44d75ccc0ec0,85916425,245.164162123106000000
0xf422f95011045f1081f55baae030940802de6c2f,86865018,243.899913837078000000
0xc43d29b87d2ec92e70de1ce30fcfdf58829e47d8,78769608,242.832172947948000000
0x5af9c58d53e462ca570191c5983dd44bca3a3092,46551027,242.335033772045000000
0x43491a9280d3acafc57622beb745921202c54ab6,36671834,242.311098449961000000
0x8f654bbbb635e5601e237317027dca4f814cc198,42493951,240.876352637540000000
0x953f55eacd3f8c6c9cff2bd95ef57aa2bcb970ed,81107052,240.119623738090000000
0xe6a3b16e73bd666a699e9c4df286bff35b3e62b4,44933368,240.047507851452000000
0x3afc8d62ff8ef01db6f6488373ce0b83e5ee9aa4,78777150,239.651724192263000000
0xe6dbc0ecc6351f6f5e51b3b7320b041ff433dd4a,43014613,239.054669373179000000
0x8b383f41e9200e65d711909ed4a9f3a6ec85df0b,91696781,239.052675153434000000
0x5a4cccda8f782cd5b48f5a9edc32f6d282aca6d1,83464381,237.769756513082000000
0x1c9674667d8468204452c52d610a0883e97c22ad,90393990,237.749387538346000000
0xb19eb98df97ed9270001014f76764a7cfbb167f3,39501155,235.848139979867000000
0xa8c49995efdcad8764e5e6ae1d56c4038cc00568,82392610,235.263398396692000000
0xc3dd0b4d4e17acc7c51eab7bcfecae6b28f37ec1,98779243,234.351258843706000000
0xf60bb1eb5647dbd8c5fe6c2bf31132bc61c309b8,86007322,233.883693685011000000
0x99227152ed70a61211507af224c478d3c50eaed1,85274684,233.484409943450000000
0xe06195cfb4cdcebf6997711952266105ccc99462,47732686,232.480057993154000000
0x77b691dec38da63b60b4adb4c153a17c18e29ce7,80850062,232.329005259438000000
0x203e4da599026388f421507db10b668c0b4da6ba,59345837,232.191795545239000000
0x877c0dc8913bf1b4464169f950c2be477a12dc3d,37042817,231.220943193881000000
0x8876b959a0b4393006449f29a2759b86bc5643c7,85916757,230.879421030065000000
0xdc120a50c99a748300434fd6b590c8a26e486540,77306983,228.047608999740000000
0xd6b97e042d03edbdc100eb55fbe43eb75f2e3036,47535990,224.847002831555000000
0x2187d1c03c8d9aa8d9416c6ce8d76df94ed160be,83674752,224.773087183312000000
0x3159bfbb1f89b363c24ead3aa5aaafe400269e69,52182414,224.764526103320000000
0xe9a788dacd3de5cf4bee7ec2fb3cd36110825464,68439415,223.179554597311000000
0x603a2531b6bab9666c77042b1da1639c9c5d1c33,82820571,223.174794236343000000
0x99e8845841bde89e148663a6420a98c47e15ebce,98685965,222.795447299304000000
0x3ee89c93c1beb2bddb5fe6de5026cdf5dd1a369a,89282067,222.234692102499000000
0x9cbf432592a670193d23f8dd0f4d056d4531683f,20423279,218.234177861448000000
0x3471c23e302cb6538921ec5655a0708781f9baae,43964752,217.585129469789000000
0x5df89e500d14fbdc01ca39af9e76e76bc46c7a09,95911580,217.479022076091000000
0xd6fd705ee0b31a9300d3e2154bcce777270cbb6f,79345410,216.940789173741000000
0xc0eb757415ca14b43b47cbb0b7475306a5188684,78462829,216.583516368127000000
0x01f55b5372ecaf891d1af44f9197361362e9e2f8,83017882,216.247575255233000000
0x536a465f96bd5ed7b75076b43206d0287d2d6e84,81864714,215.824304538800000000
0xcfae084c26582c38c2e9bfb92da7d54f842a7a5f,45169118,215.473104433433000000
0x4ba5553e964df6658776975aa9760c372c6aa285,28767521,215.111832130593000000
0x3e258aae11d7ea394b2eb1176ccd54d9eb83861b,85131397,214.475397309711000000
0x3794a52e13e24fdd9ec69d2358c09960db685919,79606991,213.952279236986000000
0x452bc1d9f91d35954e7e14d8527f7a5a9b26c0b3,46708652,213.561326125573000000
0xf1b9686626d78df34ec873fbb3b3ad052280505b,31228152,213.336634756283000000
0xb81d739df194fa589e244c7ff5a15e5c04978d0d,55836362,212.933572055430000000
0x42ad84090c46469701380bec4bb01ab2545a0ce4,52424151,210.284938881398000000
0x9e2b95cf797dea3ddc59f8d17f36f70a84d7bd72,80559345,208.493081453786000000
0x8393cfedeae293797dc76c3efac027f026342786,96839878,207.964154986221000000
0x7cf1cc99599a7efdfdc31deb1e7d1ffc2504ff84,99626485,207.610872328029000000
0xbee2d469aacb46251ae33cca91f482e26c971dff,101351832,206.753279905492000000
0xddec2683d394d51c2afdf3c9f93fea6db9a6547a,52263680,205.942013060040000000
0x2d0ac7340daa19c3cada3a681ec56183d99ab29f,77874422,205.640950831727000000
0x4a47096e0ddd4eed05ef00f0f081bc7700c6dd75,93595771,204.882125176813000000
0x98771bba24d57af722b4b43f55e002df4f7d29b2,96340321,204.663866242678000000
0xf1c925cd1e1c9771ab47d0d962343ada1a3f730e,40979025,203.136603668102000000
0xa22fae0feab7ea11337391d02d4ee41ff459581d,38170771,202.642857584231000000
0xae1692d8d045716c948b707550e91dbd2c55169a,86009949,201.786318592373000000
0xa4322a26c0fd7a05a7f0af2e72faee27f808979c,88466051,200.168500567486000000
0x1cb3fbb26b2e0b7c11396ce32cf230d80f481163,82609051,199.752037036800000000
0x73bb129019992794002af6f53a86d671a4887901,84780805,199.005156587473000000
0x7982398688c1a0df28f1649d8d21d74cd5a37bd2,26924135,198.731574491996000000
0xcce5da775ff95c4ae988331d94b185fedd82330a,33125917,198.265325853361000000
0x6d665459110077d7043403a47452a9756d71092d,89166896,197.550095753942000000
0x4527c75dfc50a5390dc663f81b627c39e7b9acad,93219899,195.720646617063000000
0x8a72c47f190f2118227a83da784a2ce45c54f484,95675334,195.123390271214000000
0x16eb1deae4c4c32805da237db93771b4cb12416a,80569437,194.185271259327000000
0xb6bbe5a785f6cfed3f65f2ba91ad20586b00f7e6,84569528,193.167874243610000000
0xd6c2d981eeccfb96505235e074f2a640c1c654f2,42588276,192.463940202590000000
0xf43ed2d56345e3101789aa6dd50232a2b3fa922a,83451574,192.362644697286000000
0x84d0f74d21a89f86b67e9a38d8559d0b4e10f12d,107277740,192.025532836838000000
0xcd26eacfa965e1a857f36ffc76c722ad83860635,35199825,191.270602924573000000
0x8e3bbdec40e33a8a5b90bf56c6d2692088406739,82173138,191.179729186034000000
0xbd1b3513bb0ce1529242cfb28926618809592362,77727491,191.044669886159000000
0xc3990e3432891450c18f33baf8d2db53ae5d30eb,51843403,190.902100447344000000
0x9dd897df19ffc27d6685e98accc394f88a73e475,87405674,190.349017641775000000
0xe3c811c3508edd755bf3ae63a0a937ee604b6f44,61792311,190.233914545438000000
0xb5a42393603f428d88ece3a7740443af11493adb,82829899,189.775071187814000000
0xae5c1911a53c129422dd6d5bd6c8e4ee62789e85,46103969,189.701147601747000000
0x23fa4be9954ecfa249b1ef5c027eb113542ac9ba,84806015,189.650375261649000000
0x51f13c84b49b64ba6b1615e7d91b11066908bf3c,37432588,189.254595824549000000
0x77c9dc116f3092adda6ee040b02baaeb985ba061,93329157,189.159184397320000000
0xb2c171e6513e25e703edacaeee33f72a99964514,88349711,189.065699850461000000
0x561601d349603ac8b827c893cb4f1f170c34bb20,77734381,189.025946656291000000
0x59bdfb381ca2080d0d042903e776d3dcb548050a,82587139,188.472307447832000000
0xbb9480fdb174063a2dedf31b50a4f06ae13ed964,45463470,188.190544167369000000
0x470e2c101884d0686327547a7b1b96a5c741f34e,55850759,187.935276787140000000
0x6673de59bd8887d015c0e8bd523e6fea2bf444a6,77613416,187.789072519673000000
0xe3668183f3524f50d8f03e91c8810ad7ae0051ab,51778031,187.660771640244000000
0x75274aa765789b4b55ebe2fb22373865efab4358,70453618,187.434600147614000000
0x69344717556c64dc49a2ba36267a04efacf34d27,86838426,186.018873923250000000
0x8098e9454d4aa286d5bb09f02a04200f4f3f5bc7,82363016,185.005626895311000000
0x4060369598c9ceae3178167387a26b885381493e,102454184,183.828475483957000000
0x61688d6b7d58520dd80871df266957113cd7fab4,55770840,183.787788015664000000
0xdf098b48de8a7024d1b7c0f3f0b22994c3e0efe1,79493658,183.766239921623000000
0xca60d9fa419f9859398a7c47fe2ee5396a4900c4,27684349,183.105293492105000000
0x034b2fd624f4895fc932ed31ed63d8be06b82c08,40787158,182.684108537738000000
0xa3fcd05cd04ba0d5558a3f560cc63cb2d89ba2aa,88246453,182.121488963722000000
0xa51fa51788de0bc5b534ab4cba23f0329ec5512c,27810182,180.923223679298000000
0x294c3c4f59b7a422230e59700bc0ae11020aa1c8,48035568,179.973417040389000000
0xb7b570dc117b4946925bc39166418516fb011cbb,107559097,179.625226506591000000
0x96942e59d8f8b5b92c257bc9c8e6c36b73ebb50d,42011362,179.112991294668000000
0xace1ced777f255e01d6772422c7f0189da11d494,84907832,179.060769014959000000
0xc875f257fae93bb9eb664b8b51057299d1527bb4,85604131,179.007411780349000000
0x9a3583a868156435ec9174b6310729b741d4379b,79872266,178.271198702347000000
0xd22f4c8e05339dfcfd927bd688ed9ebac84484d7,80057064,177.987795786550000000
0x0c470f23b09847fc99e20b63aa9b0c3db13bacf7,87323123,177.658094232576000000
0xa93242f0074ca8a20e4de93e69189fa4596263f2,84802095,177.048141978868000000
0x097e600c398702046664935e98c7b0263428530b,86491502,176.961381310929000000
0x35a3b416a837e35bf9d8da25aed655eb83b035f1,37518545,176.156109693390000000
0x31426feb31a80bdf5ebf7150ddb1e437a3d2346f,68758873,175.301253212079000000
0x83c0ed34e4b8d2a197b79a7ea401b9a37e1a90bc,81442812,175.298050905317000000
0x658d6ecc9c9ad22e05492c93a68b88feff61b93a,91952919,175.269798348970000000
0xc12a9f690aff7134f9d7ebe9265e78aff6ae8aad,82746658,175.244255510733000000
0x006b855e1ce71d0163e41c17fac02fcdedf0ef21,81616425,174.336020838836000000
0x53e213da8c28d85dc6663c3b5e35bb0ffbb05752,88094717,174.129568362621000000
0xb18dacf8937dcd595ac19f3ca4390e5a411b2eae,44568160,174.049141417210000000
0x1a9f7852501ca762c90addcdd880d28d897265f8,79786760,172.869995534751000000
0xe78f10f68a5d552b8cbb42e03f36622929f78c3b,43535353,172.657950748776000000
0xbd1bff03034ac340235e48ee35c85b1121b8198e,83607202,170.581214906864000000
0x720d07c87123c203300e3d06454cc52642e3db21,84313380,170.304221325702000000
0x88d5eb1993dd04bf2175f940e64fd49a90d13f8b,48664050,170.272567192968000000
0x770aaa6828e3659f2d12d6b8ca999d34344385e8,82191928,169.447462163982000000
0x275c17532103fd910f017f0c1e29c1d4ad45511e,98286704,169.331313714038000000
0x4f1dcfb5d1634c1dcdb0f338e7a5a97f2be91e4c,86735539,168.679706221724000000
0xfd812774a53fd61396665fc6e7e70df7e8cc91dc,83951361,168.468755580234000000
0x8e4f81436c9aaaf156b692de4c91ca0c7b2a6e9c,77307157,168.163498847814000000
0xc61bc65002390afeee22e207400f7d8291165aa5,35309498,167.328384675150000000
0x3dde3ef82fd2a51d2d1c9bab1e5d3b6d62013340,93167470,166.862010477017000000
0x5d9ac7a6df81b63d61e58facf04c60881f59c1c3,85378971,166.032316892295000000
0x33122d38582daa240a652059d3da89c26f031619,91882509,165.003995874245000000
0x259f1771abb4411efd14b602d9f130f0087aa59a,86739226,164.992677808847000000
0xb92246136f049607423b4c986302d407aef91a17,84536339,164.821642219072000000
0x9d2e29be44fb2c3d7afdbeb79f59f51224373aff,107166774,164.725454395859000000
0xe2bb7e228ec855e018e50d5063511e9b19096dad,50830932,163.495213975733000000
0x70a13e91621a580bc6773e8d27dff896ba6d76d3,89906711,163.311663230174000000
0x2db5990236c68015893eebe6f817b6ea22fc6579,101512734,162.821536650317000000
0xe5e173ec8f63820e278a89cd478126e13a00523e,79555491,161.572075522387000000
0x77b25d61834f3a3affb6c4d101a34e605ed84fd1,78953069,161.152453030080000000
0x87fc1313880d579039ac48db8b25428ed5f33c4a,95984840,160.811649627504000000
0x9f4625288fb381f74285ba84230403ce4b8a6c1d,93744115,160.197035405350000000
0x16ee89a6ea1ad44a95d296669254d3b170ef53da,58195627,160.148239548238000000
0xa4c9ebea7c35b0d06cc48f07b12cc172ea2545b2,78032480,159.007541037838000000
0x991b7ece25ab19745b33122b905b58453e3c3806,108084346,158.702457110102000000
0xac93109e895a086cb8c6ca381b47898b39ba48ed,47039372,158.689439569569000000
0x952f2c4b1a9c0938b71b9db486211fe90fa89c0d,26002546,158.450319343081000000
0x5bc0aa095632c76da0be9838d960da9a66fca30e,83570089,158.055200940028000000
0x0302f3434dbdee9d3faf680cba8a2bae6b34a83c,49519107,158.029153728269000000
0x414d5de6faf79b80069212efa523c9f8e825702f,100868654,157.538738340004000000
0x34ff77a853a14579d2120ac08c5e342cee08ad71,98049107,156.490891383009000000
0xe0f1f6d9b57db098a1c786a835a55a1ff64d39ee,79805910,156.266107751333000000
0xbfdf8646546979e87fc64441add2297c3dad946d,99108133,156.218418074180000000
0xbc25cba0c84ac6a5747d487f7f2510f72cb9c4c5,82887962,155.914691669316000000
0xc1bc773f45c95ab48abd8813462f4cc425176a48,32584519,155.369427534019000000
0xab96cb3351582398616868f235958b068bce2881,95419592,154.109779977830000000
0x486a57e2ee35c71dd83e6236f5c82ceef36b65b1,49635818,152.829196853937000000
0xa09da1d479ed04d69b61ccb6377aa9c5c901d0e7,106100014,152.297058224607000000
0xb26b4a4bba425ac28224cfdd45b4bd00c886cc33,85371789,151.430770458635000000
0x2221a864c1a755e252eab6df314f8c102265d62d,50017818,151.296036119226000000
0x205c465baf846518958199963900bb1b3c61e65d,79055968,150.972460833660000000
0x2a254687f5056ea5235d41f218d7e3bb946dadff,28424194,150.943824735151000000
0xc6b1345971f49b7164fd892e9dd4ba8f409172b0,37386472,150.851732206515000000
0x8ce134d810f5361f3d4bb0707482bcde92c26777,82180477,150.411073001245000000
0xaeded96ce60189dcd71f469477b56a66a14eb8c1,30112435,150.400233863876000000
0x58e6884f4c0c5f8114854ef7322b4cf03086f1fb,84451996,150.256347814779000000
0xd0561bdfbff0541be8526b84cedd805edf22d208,48698793,149.970987385501000000
0xe53ab209a541c969cd979223d347f5000b6fa3d8,99061392,149.431595059795000000
0x0fbc96775986b531196969fec6e4fba4f9c5e961,51885805,148.745817585130000000
0x9b2e1e038ac345c7d8b71cbc42ca8dfe1648dcad,90285261,148.640870756725000000
0x2c9bdd583e515eb958cb60ffe663b3acf16412d5,86740563,148.511833899338000000
0x8a62a0e7d381fe89287c3812996449507ddd5b35,83638265,148.171724157609000000
0x7e1e1c5ac70038a9718431c92a618f01f8dada18,106815267,147.980427291170000000
0x95689dfa2070d38d15e43878062dc0fceaa89b75,84506795,147.352511598925000000
0xd50ceae3dd50a8de3a0766bcbfd8e6c41979b6c4,78045469,146.211354230924000000
0xa4dda080e000478eb51c5a9e1122f98ca76ebd8e,77218515,145.971217073252000000
0x9f5c041240e185249393e94dfebd0ebd77bf9df8,82874077,145.503015846978000000
0x0f5c8334ad94cfe0fdc3851529b09a23f596ead3,77693177,145.120352695500000000
0x738d2cdd143b37ce542cf88a43760a44997b4c4b,84348668,144.698224151383000000
0x4e7e322cedd9c7c4a80fceb01f6a1e8b872a99c4,99782764,144.495778044564000000
0x460501463ddadf0b28e1b396f20e01df83a68274,42111129,144.395088583005000000
0x7633462869e0ff24f09acfc5d089d2399490fdf4,82958808,143.971620072369000000
0xc51d2e81aca55b23d3ce089169c77490109edebb,77491485,143.841704799409000000
0xcd7a0680c14b13618bf119ff899ed10ca4dbcccc,86177293,142.731975823480000000
0x585fef5c0c5f6ca8c3f64d9c802931005239d33b,105557050,142.133800674378000000
0x59e2ac9bed21b6530df70f08a15f3d3225fb5bb9,26658599,141.678315180041000000
0xde34a75c7950a36f34ef7c22f1ef1c8466901f2c,77403642,141.506567104410000000
0x2de26bfac302a1aa48d01dd10a3267aaea944629,38015907,141.354335190653000000
0x617cfa61e14c0373e79d58660bddeceaaa2cd0f8,84874275,141.314664984206000000
0x79653c4fb5ee639172fdbaef9a67790ee9e8b752,49402083,140.983548377970000000
0xf56aef252bd7e7993c9c10dc7d49565a7aacf462,85678883,140.753696302628000000
0x72c2c890625f7e2ec82a49a5b0d6438c36fc1bb5,92712021,140.061487343246000000
0x635187ca2c18ca7fcf87bb36a0bb7f9ffa4da21a,86739059,140.013294731291000000
0x69bab6810fa99475854bca0a3dd72ae6a0728ece,85983644,139.833936197061000000
0x05e5ab383f3c2d423cfd118b83420261ab0990bc,96335618,139.763032871349000000
0xb7b1cc940cc88640089028d4910de22e39e6d117,85074113,139.549052877409000000
0xb3da935d382f333ffef808fcef3177397ecf54eb,79689926,139.484403124551000000
0x11c3946dc1b186c2e8cdebbae4527b418a2395ee,92784174,139.181541156831000000
0x8eb3e91cdb937941bfde3673151b1980bca062d7,38876740,139.032608970586000000
0xb0b4c20f7c56df87bc8ddba04a570b178a1b5458,37966988,138.540275291989000000
0x59d5568283d4e1579512eff6573fb570e5d2ab60,83581414,138.307056914724000000
0x97f16b00d436fcd49d5911e68002f1cd4d5e47c5,46709453,138.188057301862000000
0x246d470080e690f957d2590eee207f1427429bb5,85752160,137.955768874558000000
0x46a5885a57ba6fb1e15d066701ea3e6147c7ca26,81412483,137.711984417048000000
0x588799fd66bf71bf9528e58d0ce0d0bd7681ddcc,52174217,137.711984417048000000
0xc6dc3a6d3f05e2c65a5f3e901083bf6124d3628a,83102088,137.602441512390000000
0xdfbcd20078b4346c185dee24d143ad2f98956ac7,96479024,137.364441968974000000
0xeea5191013e2e03f3d235f40d5746e98cf16bea5,81628067,137.211213564623000000
0xe366f6fcb809bbfe6d1522edb2bcd2fb897557dd,54983977,136.784938239137000000
0x3360b113c0228c3c57954efac9a25476e2e1c0ff,80410708,136.271016289193000000
0xf42be2aa2e0b455df33164df69d8e8b9c6308cc0,66585172,136.064479829914000000
0xdea1ffce140de700b2b383cda6b05c2bdb57d049,38441833,135.612352047428000000
0xc8cf6b03c2aa80de2579df02aa3bed1e716e1680,78568824,135.175946649480000000
0x46b830bf2c258f5a7db64eb9a96706a91132715e,93451639,135.043082716381000000
0x65b5d367a4be2fc118de4bb3284ed6318246b328,88585069,134.378397531643000000
0x6b51ad7adc0164ca2669e02b940f339092341b0c,49605107,133.704126628367000000
0x7c434cfc929087dcf383d723b2143e86b189572b,80029279,133.609143246616000000
0x7c336be27c74c809d684974cd7c40af99f97b874,89751924,133.523991293387000000
0xef3fea148b4933a9d8716842e093aacbfc96600c,85848906,133.502700440240000000
0x3685cc047af48fd228b924a65fb14da971254399,80084677,133.446176135882000000
0x4607c78eec51b6a82a6e770537bf1c4588a252c5,52297046,132.951482677486000000
0x6df17656a08553de3387067b4606df5c00e24ff4,41889473,132.916747602939000000
0xa8f1792887cf4b331a08c3e7c0033c945a07733e,86474934,132.250418696196000000
0x0f7dff0714b209a6549d778e5edba1d7a9b66b28,83899757,131.713088233668000000
0xdf8d2a986dd8998148893b59fed435cfd8018527,21882328,131.558063782890000000
0x36fed503281891b58e44d4d10aa2260f352e6fc6,33208242,131.495189757476000000
0x1501a02b50979265842e5a38bbcda58768e5ffcf,83024442,130.404383560558000000
0x1ea48c433d9cb36c1de7fdf7f8cb9b3b6680cdc5,78529506,130.370683720488000000
0x476ef21bf2a28e59a3605d1854a1b0a4c87c5296,31867223,130.170371796637000000
0xc162ee11ab58f9612c9342b195d6a839aa6553e7,43274703,130.003363687928000000
0x92cb71850aa43263ebaaa1e0ed3e78cb984915ff,39374027,129.961294471743000000
0x2806b72cc5a241b0b0c458356d4f1a58418817d2,30783821,129.284911638653000000
0x6921b40068d90f9c399e2035878d2227023bd03f,48180377,128.774267112432000000
0xc3dcd2eb5d52fa4a870a69e63350ecb1248066e0,84348205,128.672852833231000000
0xf5659d33af64b5b987f048a4ba7cfca1c96f7f7a,96733721,128.531902194549000000
0x110d5a12034ca702bee513b79a33267e2be1b79b,18816773,128.381500056602000000
0x9aea42f8cedefaf8b4ee704f8bfe27247fd380a5,33500065,128.244852068651000000
0x1778da84a0580e6ee14a31f2255ca55ebe5b4094,79544464,127.723366409888000000
0xff3337af986289fab8d51260e7bfc40102bb0c72,106181449,127.677651464688000000
0x2b5a0be5940b63de1eddccca7bd977357e2488ed,96337789,127.428294590620000000
0xf1048b7e1e861153edd122cc10e27bde2b88817d,40673770,127.274501916558000000
0xe9c73c43117fab6ec23296c65ffb29ca7ed0b883,44915875,126.779420724148000000
0x167f897440cfd5227f22349779841f83ddda126a,82626827,126.709832667522000000
0xb0720a40d6335df0ac90ff9e4b755217632ca78c,97972628,126.641986652828000000
0xc0aef1759a279ced58223f34e0fe6426610b1bee,86738500,126.630091444087000000
0x11573e51f776160d5fdbf6b2ce2249a754c55062,94943999,126.299179325630000000
0x12ef58947285f01ce8d8ecd90b3ea384b022cd1c,96440617,125.818676671940000000
0x3d045f52223a9595fb18377b6ca7ac8e220ab35a,96343104,125.818676671940000000
0x8fe6d26da24815749aab914d37e5a2dc756111de,96457782,125.707497279333000000
0x6d06856e012e692e3238fe73c0f48857c11cefc5,96409942,125.671706442266000000
0xb2ff5b8a05b43749b1307215c501dcde0932a711,84024134,125.347554482000000000
0x26097f8c89aa9313a96ad8a851eb8e1c062a12d3,48920095,125.277093802051000000
0xa99295cc93a729b8e224447248d9ae33384cd975,83625107,125.205232377718000000
0xb136d7643a612447eb603c051c193fdead1e0e37,103836350,125.192817090652000000
0x88f81b95eae67461b2d687343d36852f87409a7b,75002952,125.192725620906000000
0x04f34aafd1cb080f5ad336532223c3a058b3f0b6,82669445,125.192713106407000000
0x0b81747f504dfc906a215e301d8b8ad82e44cbd2,83688873,125.192713106407000000
0x14db9394d9173a5cd65b4dc4c6de7d0f44dd9b78,47142210,125.192713106407000000
0x382488466990e39315d4f874ecfb660952aef659,78117514,125.192713106407000000
0x3982fa9593379d5714d5a3faecec1408cc907eb2,26002575,125.192713106407000000
0x40de3093ba71e409abf60b6d9d51cd1ac4e0d8d9,26473842,125.192713106407000000
0x6fd5a849cc4bb26fde7737395e3b4a91f3b78a5a,84894377,125.192713106407000000
0x7d7d7c915053a74dcd4d565619b2eb36eef6220a,82534472,125.192713106407000000
0x82e65918d19b1723c6367d1d5226d3713f38c3ec,81713027,125.192713106407000000
0xaf676a9364d841d0e70569560e54ded236841196,90987124,125.192713106407000000
0xb728311c5557f82050cda1bbe98dff6595be969a,82150899,125.192713106407000000
0xb9301c0001065de513aa0cf1baea9efb58a2e775,82425358,125.192713106407000000
0xbcf0fd9c42cc8cb2060c4930d2c1d277f18146a5,85693363,125.192713106407000000
0xbe98009cd2585d6a3a7cae6d4db94eae365429f2,85120073,125.192713106407000000
0xd3fe68d8b606205eddce2d9a6e5839e82ecb24eb,77421525,125.192713106407000000
0xe9a0271b3c4de3cd1d12e72b5dcab9ea462b455a,78245613,125.192713106407000000
0xf62bdafc4cb3808346c5854c0fd129f2a22c02e0,106186491,125.192713106407000000
0xfbe713879a1de3338752f2d9689b33b930ee579c,82616280,124.201123929271000000
0x32844a824f458f24878515923f1fa120b6b711f2,52393675,124.042525170240000000
0xcd79272e57a870c0b1f69a8c840244364c4a0260,77011222,123.090227306749000000
0xd131f1bcdd547e067af447dd3c36c99d6be9fdeb,97462158,122.908757972951000000
0xf7df8ece3d8b7f91e3bb7d1fb97b4d58cb5ef2cb,80320446,122.458240338278000000
0x2b72051f378bff38c63c286f4b5031a238c132cb,48901801,122.196072038125000000
0x9a192d6c5b40ba559bb8bffce86735a809247be4,85259950,120.636661305440000000
0xee00824f08a92f51b230a12ee84095dfc9c26d2c,101342550,120.619258111647000000
0xff1f77f1e34a6edd463c8bead6aa60e16d10a800,50104108,120.314438476797000000
0xc723b407673e10c3614906b39e72c03a2b3fac9d,38041796,120.156225460181000000
0xe1c23a613fa6a6a8478774bc321a88da7b2b3c90,102720611,119.093722730206000000
0x83a76d3d563a57b3ee7689232c3789e64ba71772,105964525,118.920372623493000000
0xfb2bd8d67a5584c9aa7941abdffdef68e1cbcc9d,80525274,118.869385769410000000
0x5f4a5e69248f6580c438b31aedc648e518bd9828,106159263,118.666123853652000000
0x40ac62d5aa80ceddab0de954c29bd62c75d514d2,86005496,117.595079953458000000
0x8061c199e4ca79812f2ba406ab212bb5a9d4c8b4,82088608,117.326772426740000000
0x3c3a891d1a0885e3e96bbf98d4c540f2e39e1c25,95264725,117.100949956869000000
0x7c62cad00147fbb276d85671b47d821d650b838e,26452099,116.999485695867000000
0x96c58ddac09e6cc996fc9340dfa8164f1dbcc46e,77473969,116.727428686898000000
0x4b7f5762f5ab05fdeb8de0522154beea46873649,90166809,116.631645571857000000
0xc7f14dcb4a84194c8f446604633904c51007c9c8,82991170,116.347930264407000000
0x50ba55bf41580f0ba7df31d9d20b129e6d2df6ae,93632505,115.681199849339000000
0x73eb7a4756ef34b903d8f0d320138fa4f2e4ec5b,97707915,115.447651202259000000
0x3439c97580970b68de47d0d4b88eef42d29e488e,86198613,115.300387823223000000
0xf377a582875a0575d5c3d4e1c0424911a3e944f5,47816249,115.248459356216000000
0x7d13cf5cbbcff7e486fdbad944e07b2986b543e8,102090039,115.124587682344000000
0xd99ab8ec724407f94b494bf92b009b57b92f849b,94783122,114.963020579652000000
0x58992e3bc219538ab58b78cdf85a6b09cf94bbd9,92777304,114.848928217769000000
0x8ff0ce7655bf1aa2d21baff4966991a74bc5a550,49124990,114.837202317791000000
0x2b1dca931a725c2152792b5d983cd2df39660a16,45496609,114.789153804703000000
0x9f337253f1d04743142af559287fbd962db362af,91283500,114.782781213483000000
0xab12253171a0d73df64b115cd43fe0a32feb9daa,84926260,114.520051468027000000
0x57fbf388a5ebe5c52b6dbc996c84e525a67fa104,81363219,114.482850350717000000
0xebb5b8541fadaba764937eca529fdb681bcd25dd,47068260,114.403440730247000000
0x9428e55418755b2f902d3b1f898a871ab5634182,77912977,114.123695315581000000
0x118c0c8b7c4c227834b90ba4f3e0fbae5d877044,94137984,113.978604253817000000
0x349800ba5a93cf51488ca9181c19992cd97d3b83,78881851,113.648988607313000000
0x0839f5c6cd90fdf95de496d0196c1e6016954c94,85437523,112.575365587690000000
0x543275caabf55f56b2db82ea636ff0c6e8c6466b,77835113,111.855392019740000000
0x7fe3c5ca27adecb9b6e641b6c8f776400ea1b97a,81672573,111.490181656771000000
0xbdfc47b9ad740b4151935680b6ca0b3d1828f100,83240830,111.450618030271000000
0x3f43a33be58a84bfca084d25328af4ae41678620,88106026,111.282300367728000000
0x42dc6b189ca9d942012a73780f25c922696c6f63,83589763,110.949771215594000000
0x6586e6d49ce53f4ef95247d7cc7e60caf05e9b15,81723221,110.381937843985000000
0x15985f5386f8221c4827275acf8f0a09e9de35f1,95097599,109.627460041672000000
0x40c3a9fbc5cbcc3910d191dac938c8edec0e768f,81009335,109.467401086808000000
0x1f1d0845f71559b06b047d5f399fb39d52a08ef8,82464367,109.361764841808000000
0x7132b5edc9ee267c58d3562d3e621384b18da7f3,92032111,109.311850310928000000
0xcfea8f74027ec8fbbbec544e89d0b1e4b3683295,87516296,108.990767821643000000
0xcc1e0a566dbd10869c071c811aba436357858f05,96297952,108.794587880551000000
0xe120be880d79aded4cdbf6f2f9ef880987c82dc8,87423047,108.790457363254000000
0x61d7ece32854caf46c6304fd536704eacd4da256,96004761,107.768135694191000000
0xa394a52f4e77f692936819084ac94748ad34bccb,83981093,107.288684476411000000
0x6dca0bded4e02d9bc38b3d795a16f694200a6a84,83756681,107.209296694438000000
0x4a74a654f19cf2ea32977512e90ce68956cefce6,89725919,106.569943304483000000
0xc7ad881c1749cb51bf6b34987c841a7117675dad,78109499,106.391280890309000000
0xb8abc49ce1ba5feea6de3a048ffb86dd1719e8a2,97288270,106.359959727931000000
0x4d4c6fd38104319530f23d7d3afd651a37e082fd,93896542,106.254663925293000000
0x424c6788f8cae36bb2f67e18f35419cadc1e0288,77441677,105.667382493135000000
0xf1ffd339007c480c428ab6578a937355b1d7c633,78025631,105.509343656815000000
0xcac552cf04f9631a212a9cae6dd065718c52e66a,27267808,105.278055328226000000
0xbb33eef2560f800d21539a9d80811cdf05f79fa1,37773803,105.201226756778000000
0x1f86e6e3644fbcd2e4a4e2362f152d3deb710504,86563495,105.014231293063000000
0xcfdd6663018840621fa812ba6043acb5b1fa29d1,92920403,104.867892702815000000
0x908c65a92b42a3dd28467c11b98ea55a76058da1,83648215,104.771108431869000000
0x14241dc8d4761b0c89e47115ed8955dd8cd8526a,46912261,104.721802206621000000
0x8c8868c77e0546b34f196595f0e727bc1add2e4d,98777722,102.953042682585000000
0x2817649f4813e7b854e8c8b57acc0d13f2ed2ffb,85121302,101.246386242407000000
0x2c123fc5c27888571cd525e8ae9b0c5ff848386d,80302647,101.101114458461000000
0x13b8d1f989536d5412da840c58ec8640636a4dbb,38859640,101.058050661266000000
0xfe39cad7a05e16ee9fcbb595b6e94e40203938b9,33875939,100.943202398893000000
0xce73da15464f5ea4a099773aafd3e0afd63714f4,84418928,100.688899441221000000
0x58375a7a1a718d97fafb80c3e142cd64a4c4a8ea,76997892,100.321997160967000000
0x508146d72c8e32e1ae342fb5ba025ceac2b1d205,45746867,100.301521331268000000
0x3938c28aaa4bcb0b20f0c0c8e25750b1610e47b3,45176211,100.245533892133000000
0x443eb1f18cf8fd345df376078c72e00b27e3f6a3,36247956,100.154170485126000000
0x8f747eb4f5e4edb0702fbadebe2da915af91fd90,87818554,99.633108968093700000
0x4742b30f35035c666c5cba2e8670052b179e0404,79827197,99.524919230843400000
0xcc62deca03f5054346729063c7019310a4cae65d,90230869,99.299009687330700000
0x0f28ddd210184b8fc1862a01826191d9986dafab,82304737,98.342795021254900000
0xb028607975b012defd2d8f4bbd794cc679db3e51,45988413,97.682282425429900000
0xf572035816f3ae6b6c600e6e549532a0fe6588e6,86004106,97.661082533918500000
0x6cc029b230dfb4a1c075c96b380e356f4815eea1,81232420,97.274738083678600000
0x41f45986917a61ebcfa0646e5cd88447afdf658e,77567243,96.773967231253000000
0xd5ba22c2323f65616860b0521eab5929549db4d9,82942170,96.425385951068400000
0xf5ae09413941aa09c211ad7a745df4864151336d,66375412,96.299274812546200000
0xbf67301237b0e5474de03f907969b7343d001f38,80739877,95.768998103205600000
0x040528e6ebdcbc6e37e3c78350de0a59aedce622,96679009,95.690145848086600000
0x7cfcc6b6ffa7117267f49b59984ae50026b9fc44,61007484,95.593253415696700000
0x968fea58d680060ca1c547884ee40a02a8b53c23,38531569,95.359077196142700000
0x494e297a81c48ea5f3c3bfee5c59be034ec9ce99,25281059,95.260521633276100000
0x86e72ceae5d2519216046ba54c81ce7a1bc3d939,38635700,94.868190233015600000
0xab9335ab722a7beba43dcbe15d8b8e131e82f63a,91381512,94.553469042442900000
0xb7afac3f551fa6ebc2ef896c41ecfb18e35f1b01,84133991,94.473629416370700000
0x3cba28d441bb33bc2630693f01c78523144e1108,78588108,94.395305682231200000
0xce8fc6755efcaf7f85c28901bca4f4b936591542,86774226,94.334424517919000000
0x6f6634b2aab01df7f47f615fb4e2b876bd3ae5ea,45945647,94.260773847993300000
0x005f16f017aa933bb41965b52848ceb8ee48b171,85684108,94.107696294004200000
0xa219712cc2aaa5aa98ccf2a7ba055231f1752323,98352637,94.107270516621700000
0x439511dd6fc762fe28bd015d68157ea462ceb88d,93958152,94.079521046490900000
0xda70842eb493ab31d8c042b4427298ed490a74bf,79861489,93.796455018171200000
0x234f5ddb3ca32e23534260bfed61ef150b31e2eb,81515662,93.488651140380700000
0xb3f876c9972339a1405346b1a8a27204f0bc154a,52386597,93.439203911627300000
0xc62d8e3eed91c03463352b7434670b1f4e6064b6,41321209,93.199188576661100000
0x6ac511b5db18821b3a40deeb916fb763c93c0799,84814624,93.036121119524300000
0xaa43863086e4f6851125ef532a7214d84c0ed08c,83180068,93.004513661794300000
0x6d7b212d1c91e735a2d0c3cca20074c4285e8a44,90912327,92.813199911161700000
0xac4f43d8df62cc179e9a5e2e02b39e2b2f88389b,86142296,92.667926225748900000
0xe025ef5762eb51da342419b247da1dd9c396c2e7,83820623,92.661954588860800000
0x956d266635b0fbf1b6bea869c0d66e4941c10106,81155954,92.373734794637900000
0xc4a70149330858cd0f085e4cd81c10745c9130b1,87509056,91.623747613721300000
0xf53f6414842213b8c9e85972d07ed68e253532d4,85109151,91.515873280783900000
0xae1524f684bd4b5d79003aaa4499590dab81d999,46133519,91.381200411456200000
0xa00cdde1a3be699d373b9973602b10f649d49e65,85322086,90.952093957905100000
0x3caec1b35c38fde81b58f4beef61472daf3b8f68,103362641,90.877766721673900000
0xd10bcf360e201d3691215dca25de310225854641,50864250,90.779706037311400000
0x717f6203d68b8914d2c247548ed093babc1812e3,46133793,90.363099724700600000
0x32a59b87352e980dd6ab1baf462696d28e63525d,84028350,90.146432044881700000
0x66fe8b1c760cc8da2f2dddf1c7554a3c65ce8b56,93921451,90.078335919707400000
0xd43a72d2212d8c285299f2b2655f8ccb946e9d8b,95294829,89.925177837104700000
0x5eede1c45e4401d7d95e55446dad71b511328534,102478157,89.920449215776300000
0x7441cb7d4940ce9ecd8738a44afc7b94a089c207,52274003,89.724990343669800000
0xb2ed2b7a5f0cde22d0fda48779230a17de6ca633,98436714,89.461382155873200000
0x61f3fd6947ef9a3b2e62e64b71a3e082910d273a,77822325,88.817911056076400000
0x8a4a25d8f5b28b016f4dd01dea8a1b5f74dd74d1,78348493,88.278314332361300000
0x9a2146004a6bb500d8d139c6c22b81453c7a7aff,77503071,88.181588408957700000
0xb646c5599d7d0399d1b83ce1b0e809b646f46d41,63052262,87.988326605276100000
0x119cbec59eb0bfb89971fcb96e3b1cad8a66e2d9,90295010,87.690227306805900000
0x381196947057d972f10c4c62ba5fef88cc69b092,18759651,87.634899174485200000
0x47fbe8c4cdf81419572e236a93931cd6cb1dae45,82920942,87.634899174485200000
0x5890efb07d3900ff15f353b72fddc48759356290,26733257,87.634899174485200000
0x5461c09d7b61e4beffcd782dc333f102ed7f6e24,90326924,87.117355506837900000
0xd62b13e56077e12905fb4ce9e14c2405c0b8a398,53680342,87.062559313316100000
0xf525d3a6b0fb8b9fad73787ab62a4d1720169424,42576115,86.698746721693900000
0x93b6272cfa3287065c21cd2718ce8a65e4677cc5,82141111,86.281992238966000000
0x6d6239f3e39fba103480a2926477330ae02c0e60,52224857,86.089667790044400000
0x86c7e05b935ec835610531ae5c716e081fabc828,79943221,86.048433060035200000
0x4e36d25114edb822900baf3bee7792bd70b92202,38132008,85.198917325334100000
0xdd7d00758841872f8764a0d71a53a04b57f1cb90,24367625,85.179124413639900000
0xab8c1b2471308773f1ee07ded9fb79e8ddc9290d,80341017,84.502203194907300000
0xed081227187d21bffb62481c75d8cc479f782ef6,101201410,84.288436613740900000
0x4f2769e87c7d96ed9ca72084845ee05e7de5dda2,81588566,84.241861240024100000
0xb7375b91561dd350e558eca5b008f6c4ca0edc1d,84905858,84.163331344121100000
0x202b95180dc3123045b027207b9d6889dfb029a8,84788538,83.902871683294900000
0x3437d6c6e251b18852ac520e5e3b6552f12877ec,46482174,83.530651225960900000
0x5a041cc043de66d89b5bcbc35c8c233c22042303,39985796,83.524679664664800000
0x03188444e0ec5e63d99350baedd479ebcab82f63,54096808,83.429987675056200000
0x25d1bf185c0ffba4a0f89a023f989c5788f6e909,81245664,83.319489073374000000
0xc92d60af8001b1070ce40337205af18a0bbed142,85147820,83.142240280820900000
0x1d0cded12abf148ecf35ac114cda38aee8f82cd9,50086245,82.822118923858500000
0xd95a49409529b1ee533c9a1166c9c669f21722e6,106537195,82.542719229440600000
0xdcf7afbfe70812c6622bf39cd9800a0b2e6eaef1,79031699,82.292289555147800000
0x82c308d8ca08b3a1ef8bcc2b1e9a50e6fea53c2a,82993333,82.222632093094900000
0x2d72615eb327e170c04db057fecd5f9a6bc059c1,69811077,82.033791124536000000
0x9f920a8c3307625aae5fd7e6647ae8a15d959092,96574766,82.019005221407000000
0x3fae23168f8f8d79bf3d24cc64bf34f2399b8715,36074953,81.961218458755000000
0xacf3557b58b5d5873a64b07872ac287d3df2ed5e,98626445,81.877047832109800000
0x3b94a65c94e60625c0ae3eebed48c3939e0a778e,98390109,81.748200660414000000
0xf9ebe622b1f4a5857598c36c81d0caf5bd396715,86411597,81.598776760822900000
0x54ed66559c1d1aae9ed77e6487aa6d676613da76,39059090,81.577874084313100000
0xf902843e82773842aedcda32902343311b26d95f,84937593,81.570533611326200000
0xfcd58cffffbde2db16f9cffc0ca653f3310318e1,84722658,81.403605139634200000
0xc55cc7c68cd726019a9e8773a3498dd09a96b5ba,96454062,81.375263519164900000
0xfc77577d39bac91d57956338e1ba594fee603dfa,55179562,81.271239633024500000
0x4c1278727b01440dcba7ef9d30cc959eb9fb49b1,84603015,81.017820888861100000
0x8488f05bb8ca83e5db101e1fd06e3066dc4a12f8,46457221,80.782263950212400000
0x73cb48cf053b3c50dd61b07d86617fdb8c070d25,53927812,80.585024945962200000
0x442205df6821e5fba901c612180cc77e219f4e09,98178165,80.519114870807700000
0x2d52f7bae61912f7217351443ea8a226996a3def,78016214,80.492922384250300000
0x753305d80b1a7f77dcddaba1ed4ad3b67eaa9341,81227335,80.346704933688300000
0xc28d464578b5dd7f740ad29b1d29c9d72fec1710,67744367,80.345658353977200000
0x23e44614d00fa86b1642df1d1c1a624bf4743a23,53845615,80.211293298664600000
0x2bf921ae2dd8c49ad4362a78a0bf2052a054f57d,104822877,79.931885094579800000
0xe889891cb8a28420ebda196ac7b2bfd8a2821b86,34161733,79.741834254573300000
0x7a5509e03b1a9d75a4106900f5a014888833dc91,94898379,79.699666458712700000
0x521f4d5649726836ad4273cd0741e2edde1fcdf0,33173275,79.479288386715000000
0x4220d7449f104603a5649f11f5550f63c8120961,99674736,78.964287934880300000
0x77b6b633b697c366a7bdd5bf53244b2380efaffb,93326483,78.917215191360300000
0x82f0faf0be032a18726d5b836d5dab93ba878421,85147736,78.842010902507100000
0x1f0e14fd20a5a42362731fa40112ee3de77c4330,85058743,78.632383571244300000
0xab9497de5d2d768ca9d65c4efb19b538927f6732,42557007,78.589735690005400000
0xf373359a8a2d828a7b165887d2a27218fdaf6200,108091361,78.434824460527400000
0xc2119cd3d469afe92d42e8bbd1e2d16e65e85d01,83719575,78.247356442917200000
0xc4a6c6d69d95a4d36377e3b1b653c7f584709932,91367512,78.051396986189700000
0x5cd842fd9bfad081d77601b3b55dc38b01b27b4a,85581029,78.049428269607300000
0x3351b913d9b37abbbfc057224aa38547f485cbed,84812349,77.986953502262400000
0x49ff60ca636fbdebea1319dd66934877aa4f8755,96350625,77.738758779113400000
0xb6a312b525de98cbd6c73a63e46a1e9acb835c64,87326436,77.489547705763100000
0xaf62a9ba55c096858a02490887cb031bc35f5cc1,40372122,77.072309283897300000
0x1f2868bb2330c087c49724592aaa8f89097237cf,53548326,77.050480138653700000
0xf1e34bdc4d2316f27a5a61e2d5679292faf67a4f,86389934,76.813738443207400000
0xa271fe52eceee452f619a4d90273cf31209f43c3,83787990,76.567900772836500000
0x3c7904abdfd5974397b6f818e95e50370fc5ac81,77614273,76.053740272796300000
0x00c1f22da90f16ecc6a083bdc4904de725436ad0,27867463,75.821517942051800000
0xc0a5cdee2fa8cf0a48127aece1dbf82941beef8f,36377356,75.739673358627100000
0xcbebaf3df9ae3b48d0f25de3a97cbbfe19c77a1e,33673330,75.527097433581400000
0xa4fef58fc4f06c6d84770e1dcc7febdea30fc1bb,24801357,75.469542101693400000
0x2dfddc72b4a0b6027282539ed22e6239268c1cfb,77748358,75.199014390248000000
0x209fa252bfc56993897923757262b9a8c2a379fc,48637561,75.115627863844500000
0x97eda3c9f1e4c7ef743b552ab687aa49fca804c0,96342918,74.939916786086600000
0x9ffaa816a11a5e36ba911f157cc8d0734cc4ca2d,41689793,74.916994815473900000
0x8abc3d7c9547f91efab69e2d2283c13039acd27e,86379638,74.885149914046400000
0x622367ce9f93e4f345e5ad0ea20bcf248d83f51a,95792610,74.876188249675400000
0x1d0a4eac1a9cd75a7eb1f1acb019712296519ae1,87424815,74.025304846959900000
0x251c891b056c10a60c906675658b8b67646c69fa,44812234,73.468725561883700000
0x0076fcc7d245f6c7aaf07238adfb48adc62bdd55,79871127,73.465535052741200000
0x94ce1d981e8d5e4472056949a07c7449e9a36f52,96376637,73.459703847586000000
0xefa3211261ad3c43696c6cf02c0444f7f407b134,77903228,73.252012896083100000
0x39aea1ef657fcd7ba5582bfeaaf799f3cd45accb,44024522,73.176939643343300000
0x6287bb7c2dc929943194f54b4306720a8eed8e0c,29845277,73.121156496028800000
0xae3c0d48f8fcf4bb35c344a7f695020a545d625f,44756303,73.019936971158900000
0xa4fb0cde6f47d08b20f1e4bee65716e685c795af,86407206,72.906619423570500000
0xf1b4e82cfc2360e6f84024c20c60514fd4f5de46,45952041,72.876508963674400000
0x3435d531862d9f96d5bd9314543d746b8fa989f2,86741784,72.728320711262500000
0x64f961eec2ba222dcba8fa354f03e27529b96f5b,91524818,72.254940571377900000
0x597bea912e8734e17ddc4f43a489a1472d9459cf,77760393,72.075622707110200000
0xb7bfcdc3a2aa2af3fe653c9e8a19830977e1993c,83565817,71.166713704511000000
0x8b200f4c81c54d9014b4cda3f16501069fa20ab9,102586943,71.126663875240800000
0x02b79df8c38f29f39888557c0a89917fd99ddf77,77132575,71.064508201741900000
0x092b87eece2592cdd266f391b59f6f008b5c6778,99147135,71.039522597975600000
0x870dc279570833a8c5a72fc7972681db9a96cfb7,86042257,71.014539092436700000
0x56babdca2fba5c5832a02f282816f82aff785c44,81974695,70.738339522743100000
0x650c0ed459d82335afdad70794b9a61b7795aa6a,55354156,70.720582593892600000
0x9cf8f9449717fd57a275ce41c80acaef4c9ff474,32342091,70.635177187915300000
0xfc2a6bc52bd725f5a4945002054eddb5f9230d62,30028804,70.572172209821900000
0x4846aee6d7c9f176f3f329e01a014c2794e21b92,80454216,70.422389637476100000
0x749ff5417d0ba39f53778a5595adff5331ee5e15,28589763,69.945836123174500000
0x16ed3bb1fbdda90ea4a75a313d34ad1beebf9668,83025845,69.934707570489400000
0x8bceaf6859ebf5f3b6a347461149f1838c231c97,80917164,69.407722025922100000
0xba2010e19fa7ca59982a70ff957e1f14c03e2aeb,84624870,69.091027421234400000
0x6887b5852847dd89d4c86dfaefab5b0b236dcd8a,84879259,68.762306559270100000
0xb6e81350775a4691ddb39e0b97b5cbc61d7d3b0f,39333450,68.538834514425500000
0x14f472dc0294752691fbd925d6ba2bf51d9be1fa,105061374,68.474480753950800000
0x75e717e55cc26746838c3e2ccc3ccf6b8eb954ec,46927708,68.423383477525600000
0x4a79eccdc074ae0c1a5fdca179b560a5e32c3654,34915186,68.294935774015600000
0xc38899d01dc59a92e38cbe5feec9fadd0eb063b9,91348325,68.294028925051500000
0xf8e1791c202c8ad796e5b15e33e4d066897aa975,80375302,68.242841375141300000
0x49f5b5827f834a8a5aa8abbf7d4b63cafa25245b,91891957,68.103387226239800000
0x625046246ecd8a49b07d33309c8d7b53cdbdf1db,86624065,68.045715974017600000
0x7bb8e5169fb071e062f71cbd12a12788aa02e258,48930104,67.705919832723500000
0x95570185f8e95e8b1dd9dda1b47d21addb7ea8d3,53632648,67.530926030581500000
0x4a7b835e29a05cb702f4c9bcd03cfc959f21a4cf,108039779,67.457006473127300000
0xad2af5071aede2c160338fffad6655c1e2aed715,47258577,67.258945364557800000
0x91bc2867c9054a21aa546f648c8fb370aa81f358,78278305,67.169651258542800000
0xa6c5a2214fdd7d78cb04004063fe11586eb7a344,49218679,67.141083181925100000
0xe6f4ccac6bbc030f4b4735fb9dbd68526096ce3d,84848704,66.987683733853800000
0x6908de602bf5b69e9b46227957891ed0ceb59af5,53980391,66.881650631950300000
0xb7a0cf71a375fe7a2152ea36a700499dbd993867,98378285,66.602407314844800000
0xf0e1dca77b2a40113f3091b7ef6c30feb6405b3f,85166395,66.474959945019300000
0x9a80ec4259baf2d62ba5cdea03049f0cc53244a0,48406887,66.274299514290200000
0xbfe07a21ccc5cdc5d94067e9002b9a60217b96c6,38281772,66.243885655697100000
0x164771ad6de14a6a6834e0c87dd13ce1dde44c1c,77445941,65.998334656449200000
0xc54d596176ca6576865b210295a38306c4f79620,86254634,65.706347463427000000
0x4b299c959ca9273aba1ee617c1b52c2b62ea88c6,106811250,65.490334455500800000
0x1501943d0223db29690323b99a86a6e3cefa1abc,78116061,65.408755386745000000
0xc9c026d92314aaa032cf493db1058b143dbf9aff,35068322,64.213320073192900000
0xb711f182d3e607096a4dc5960a7c09b1a9697d36,36281860,64.204115612749500000
0xdb165deba3cf1b6cab45c357a66e09ba34866573,36696265,64.125979277259000000
0xebbe4586ff2b4565cb63732586bebf81ecef6918,91375974,63.877454041741900000
0x0456245e55fb96f3cdcfc3856a5679b02cc1edc4,86461247,63.729088816461700000
0x840647cb127112d0edb9e6c3ce8e0c083b99516a,56922676,63.653257025052000000
0x8e79d8a585a51012d1b32a288a4d81aaa195c3f8,83741687,63.626451958287500000
0xac82362174a32fbbad61efcb0f02b9016b20c768,86195172,63.454720373202500000
0x7ee567d2ac5dca4c422281deb1e2334a805ba6c1,78532211,63.123630822446500000
0xf98f8c1d75b23982aced2ea2aca781d75f946b1d,47499210,63.097127405629400000
0xe64757d213ba264d511a85cc9b53a24cc9e10859,83603013,63.087127640768400000
0x6f9cd1eb49caefa4044ddb4ba767b188c69c5a00,29774457,62.934749362238100000
0x262416dba10bb11b9813b4c5fdca53dfb21fadab,54889936,62.880557318891300000
0x00a0847926a77692495774f1c71ba8abef99dd52,97000836,62.605453839871500000
0x04e60c358da4d51db8c7be369b94039af465adff,84346323,62.596356553203700000
0x18acc7e09e5b4adaf4d51dce21bc2ac616ea9440,102004420,62.596356553203700000
0x2b9818303ca6947ed44390d9041c60de63c32127,97103667,62.596356553203700000
0xf8eb86a7a64b1becfdc8bfd88cef4ee68ddd82d7,87366235,62.596356553203700000
0xfa6c97f0effab1ce8d7cd80eb96ddf2ac6bf0e38,86796685,62.596356553203700000