address,timestamp,amount,type
0x55c1568efd6d19edec498330952fa7e582fea20a,93542028,1907914669113520000000000,EOA
0xc06320d9028f851c6ce46e43f04aff0a426f446c,95874480,1376649720265570000000000,EOA
0x4f83c87083ccceb90bc105040169f7a0bb74911a,92483262,751405460259156000000000,EOA
0x044325aCCB1A131cD00B4Cef674E9a8d9b60ad72,108359614,620198111239837000000000,Contract
0x680963fe5e628c5486C3A282ca12Aa575820e446,100298435,394702842745284000000000,Contract
0xdb9d281c3d29baa9587f5dac99dd982156913913,85951772,275423967224771000000000,EOA
0x066188948681d38f88441a80e3823dd41155211c,86094182,268027339983772000000000,EOA
0xe70981f2aeb601a12001465c7a5e52aa76adcbec,88177969,250385424749792000000000,EOA
0x312f81f9a90427f9967f476712795d55e3f89e9c,90807620,184826844221143000000000,EOA
0x5d22db0ddc365dbdc0983441e2906d51855a142d,103935338,143971619231130000000000,EOA
0x0f89e880c863d5ad296df064f65fc78f7108ffc8,85967686,125192712374896000000000,EOA
0xcba1a275e2d858ecffaf7a87f606f74b719a8a93,101291952,97018878338879000000000,EOA
0x6523a02072d736535148aa67db26f80c2e456547,87614004,88431952883359000000000,EOA
0xdfc423a316b2f4ee73632f7c2edf2f6328537e8b,87795250,75115627424937500000000,EOA
0xa1a7ae2f202c5762f3c4ee2fed99e3f42c6f1f1f,47582599,54965999123345500000000,EOA
0x80b3153f39aeec1ef68adc038913698e103e6e1d,87261458,54283256329733500000000,EOA
0x1ace35d5350da1b71bd7e9e7f5a09ff6cf14d2d6,49145063,52637839884376400000000,EOA
0x329c54289ff5d6b7b7dae13592c6b1eda1543ed4,88856191,38615045894588800000000,EOA
0xc1d90c0a2d1ab8b58702f2faea4701f00ac505d0,86117442,38170347695843800000000,EOA
0x9a20a5b173b938f846b00875833af437dd7a1716,100674126,37933391975705900000000,EOA
0xcdf46720bdf30d6bd0912162677c865d4344b0ca,86437861,32636789925360400000000,EOA
0x36b13e73b6cdb2dc53b29d3e02066d3bc2016285,35460266,30992636752718800000000,EOA
0xa47dc3c86a77a41b9377fc5f6f6edd1d8f380f41,86107614,30390781314430700000000,EOA
0x5b181e9e67c4f09f5d0229a458db6b0c07f6184e,85697232,26795813848103200000000,EOA
0x8a3a27f7ed3594d7c1261e0d16112333d76b3a57,48412906,23647401055069300000000,EOA
0x77c4a515d6779f358d9c70b78c18715ee352cadc,73737746,22534688227481300000000,EOA
0x7da8e2a56901552a1affc74063569e533c6a77dc,97562640,21571303990193100000000,EOA
0xb2dd7f7a0c94364067ade38ab28ad18d124bb329,80759069,20361815493693900000000,EOA
0x94a468fcb53a043bf5cd95ef21892e02c71134be,99416972,20293756935533900000000,EOA
0xefc194772a4bdbcdc5871a56e5a86dcfec845788,85437026,18470655772578600000000,EOA
0xa054934e49470cdbfc6b4d886b990bcb2002a9b6,88368556,18146444933452000000000,EOA
0xBC59a167a5A56FB07f3Cf6BD3FACe4284D8c6505,92008088,17301765833992000000000,Contract
0xce5969ab83f70f32d477df7b92cc17fb19f25228,83086719,17257059871632600000000,EOA
0x1d7d6598c766485dc89746fd9bda82c21df128a9,90553123,16493706412208900000000,EOA
0x49e7bdde0e6f366fcc15577ee273af1dd0a578ba,51385552,15278849620806100000000,EOA
0x9cd25036e52f831115c77dcf0e6db69fca56bb04,56414697,15103450100912800000000,EOA
0x670647441d9c24d981923c9293a2e4eae6d0c8b3,77603940,15023125484987500000000,EOA
0x920fa53A88fA26d2658049794a84abc6185e6c69,77732674,15020266203713300000000,EOA
0xe0a46db77fe3932a901214bfa0a1389d3e996332,108396365,14959915628119400000000,EOA
0xc17e91dd86b427135f2694ed6a8bc86ee9d37c06,106172244,14538727973299900000000,EOA
0x8dcb8aae4aa1143531949cb7877235749d32804a,51501247,14535206150692900000000,EOA
0xde8aa7c820d767572837f5e43f385e98978233a4,83087251,14506059838004400000000,EOA
0xed3b439ca1787c1cd1855151c799d520d319d80d,66039168,14009064514750800000000,EOA
0xed8e4430689fe60bdc8a757dcf09bf12f9aff013,77565971,13803810998798800000000,EOA
0xd87ecc7533273877fc5b945453f9dfd32cb95509,86633597,13787315410163100000000,EOA
0xf39bc4acfbcee9c9de828416b5f060fe9f5d34f0,67670541,13487111351452900000000,EOA
0x284f36888fa58a0a36b132331a26f44f86487afd,87990451,12519271237489600000000,EOA
0xa580a81c881869cc4763968754683f764754902a,60950258,12519271237489600000000,EOA
0x6320d43fe9939efad4d48bfcdc63c06bafc2fe3d,40433828,12402716822268600000000,EOA
0x72d4d59f31d0cb4a4213a5dc81fc0108241ecc71,89175823,12059896972059500000000,EOA
0x4afb5daf1f6016ede27ebb838c45a759e0a4e4c4,84796687,11654099373914600000000,EOA
0xf826bc629d859af67736671274bfbf0967e36729,106042288,11291823297576300000000,EOA
0x8252d3c70f532bcb6a27001f3abb460ed7ebb066,79869708,11267344113740600000000,EOA
0x7c9edc93ec8b80b7dd1e548a476c6dcf676549be,81712448,11118705662777600000000,EOA
0xc92980d19e7399911f595053894408ad24380324,84213621,10156705112877900000000,EOA
0xaa4279b9364c541ffe47e53f1a8c8bdb7a78ec11,66430548,10086041269630200000000,EOA
0x88dcF2D87b1dc0f36435D57E9e589c19cA89b1ae,80724191,9817714035110440000000,EOA
0x53d72e45e4ba76838d36c49b88f046c6070c39e5,93562222,9703201600654880000000,EOA
0x11cC283d06FA762061df2B0D2f0787651ceef659,84870540,9527165411729580000000,Contract
0x99655ca16c742b46a4a05afaf0f7798c336fd279,86110183,9078621024898200000000,EOA
0x4656e28ed7c4aacd1e7fb98d3c8041d6de04c08f,83547797,8713145483827350000000,EOA
0xef114d9316274acff9c9ea00871af274b8994234,98317201,8250393375972350000000,EOA
0x780038507f662cc76646ceb7796c643efc393e98,83227832,7761948167243540000000,EOA
0x4127143a866bf5d8ad2afb6de8e63164b8ad5bf6,91373754,7600652790781700000000,EOA
0x7181c3302c07533639bbd81c4c490450c2668c3b,85380368,7214973183169130000000,EOA
0x9c0d72f2ac26420cb7eeb155bf401b672840e87b,84411043,7010393577312980000000,EOA
0x4e7bf3694962fc482a16d60fd78f99db9c4c52b0,93256030,6815747144635980000000,EOA
0x1b3f7964929dae299f194d46b7386b0df8f10db3,91901526,6755840843196110000000,EOA
0xe84adc0964ee34ce0319df3418636ed6a4117b97,92569253,6555681674389860000000,EOA
0xc06057acf5c722e961184d3eb751d93bada7d72c,48527864,6523713495719290000000,EOA
0x00329e92ed6fd0a0ef76da9c476d51faeb6b26a0,87855288,6450155311918990000000,EOA
0x4bed23c363f51c4ff842eb0c1cded2010e4491a5,78211290,6259635618744790000000,EOA
0xf0b2908c638bc18f018933928d079f930a3c976d,32523108,6025609833845360000000,EOA
0x3b3540c429e6cec4f63d161ad2788a7d4a9a7b2b,83298292,5523068492478880000000,EOA
0x231e6b09a4249c9dde585d1d664bb95adc3fc6ae,85667367,5459505198856310000000,EOA
0x030f249879c79331b7a154c48e27eedcd972bde9,85435997,5383286632120520000000,EOA
0x628476231e3a1b1277d7e07c84a6e997ba23a3a7,101986027,5300973018767000000000,EOA
0xe2faa5db450b621d27518c8f7d4b95fdf8690116,82401986,5124420887504670000000,EOA
0x03a1a0ee0e2a14bd069c8691a4adeabfa6a4d709,84200828,5053472795523770000000,EOA
0x5976340ae917c94f1b27a1c2e7b8c100067815e5,48110363,5020092463751130000000,EOA
0xd2ce2670a6428c9ba41c2878a498a2a8c0c1748c,52501856,5007739610122410000000,EOA
0x843988f65c0004b1e7de4f1fd1d255b0fe4a883e,85349643,4837618802504790000000,EOA
0x226e9da4b9c4dcbda571b5a01646c55ae0b5a52a,49658529,4820954540412040000000,EOA
0x441c6DF564072EDD4D3d543C6cFCFB0A0EE95F7c,82949799,4820373297926210000000,EOA
0x2fa01ba633c555f5b9452227153e5619c92316dd,92011877,4765251811959950000000,EOA
0x686d78620aa846b1bdb29dedaf94e2ab47208a04,47068084,4745504071804790000000,EOA
0x0dc3b66a3a6b9415c8041e4b77b7dfd041a9c30c,87290509,4695975689555730000000,EOA
0xe51a5ee79c1fc3907c3657b2243a427c40f70ad7,52346165,4628903116674560000000,EOA
0xb11e239910eaafa78fa925e566c20bc611fd4995,51436973,4607196325045780000000,EOA
0x7b70efc4bca9cc0733c1b615cf480e33f19119f2,88547514,4422821350943200000000,EOA
0x954cb370d4b53fa2948e90a202cc213d5b803cad,78532650,4376255889169110000000,EOA
0x61fdff48d154c6079e43cbf14027057b367cb3b2,102101213,4292732056544850000000,EOA
0x2526a6efeef588bdfb0d572d8c373dd71ef4e4f4,50516459,4211913888721040000000,EOA
0x78ad91e6f47e7697d4b8addd73fba6a7f23a7f5b,46460922,4177081087531100000000,EOA
0xfc0b58ab1af097c7c6ca45abb24a08108c438550,78247662,4107160538809540000000,EOA
0xfae772e7498b0cdfc4ea929da72333dcc0dd2517,97110889,4096429678669720000000,EOA
0xb96cacfc32aadb1c50fe4006cad32dda5f1016b9,80589308,4080813284791870000000,EOA
0xc0893fa01108f50fa2a04e2ccee815376ec56233,94075612,3881314909134430000000,EOA
0xe157fa0435b04e3e7fb5bb1878e55fb569f30fc8,80003998,3766951690585140000000,EOA
0xac1b80e06f970879bfb8f2b92b59442593f332b6,83619225,3720519528825810000000,EOA
0xa3a62293bdec8d723cd512274ddf6792bbf0dbac,54674541,3667905288213670000000,EOA
0x4b45de182c358d0a8f0819a2cf74487a8ea4b72c,87518098,3623542295561030000000,EOA
0x73f13990070d5dd94c8e4ea9562f2d617d0487d7,80825852,3596253337822300000000,EOA
0x0e54edd4cf6568de41fc67eaa71aeb52885999c7,81898361,3584886628271270000000,EOA
0x389ec0bd4179dc95ede96716bc63cd4bb7c49377,86387871,3558481034049010000000,EOA
0xb063608c9eb40c21beabe18b214714e0a8f28ced,47523331,3503435908744930000000,EOA
0x00e839bc0c9a130afe30974914c4b0100756cff4,83771455,3493769446204400000000,EOA
0x3280e3da7aebc769cf788de7ef8a192365532f9b,52555497,3467460511588170000000,EOA
0x0b128f624078f9e7a1dcd58a275b445f57f20df8,83485603,3439180864267030000000,EOA
0x1714c8b220bf40e1bedcf3f7713132b6d42e7bd1,29387905,3415799662133290000000,EOA
0x98ede5a956f7dd2d540a7872e5b7b9471bda20a3,82359215,3404322097299510000000,EOA
0x3d1df542e606c2981b6acae463afaed9d9ef1129,85050676,3401675814216160000000,EOA
0x943799a3d65c2f6e88c849a4a10a14eb39b007bf,82283482,3381829308106250000000,EOA
0xb8b5678fb2ed1df5f8e04dd418d255796b97e6c1,108198068,3373386322272480000000,EOA
0x1b72bac3772050fdcaf468cce7e20deb3cb02d89,87272747,3356057958542210000000,EOA
0x259380175dbd94dfafe6640526348ffd305de8bf,86446896,3328798992614280000000,EOA
0x8bcf10d5bd8a0ff835221dd2a9c794b435c52813,84585273,3277011011409180000000,EOA
0xb1028c2d61337589e515d6bdb949ed97935518b2,96362511,3249520264846420000000,EOA
0x60fba3b1d069e1317d2b4b718739e280fbad9896,108476989,3129817809373450000000,EOA
0x3d7849a51a2da3b3b455ca6a6d604c902f82e7c2,33338155,3092221681788880000000,EOA
0x073aba73177668ba1c6661a4ccddbf77dfc8809a,85191939,3012416599025150000000,EOA
0x0621e9d8f6ac96098cdf413289c5e11b9130309a,23683689,2980122562590770000000,EOA
0x3fa05ef7652ad855facbec056a5889a64e366e2d,49980379,2967067283285030000000,EOA
0x3a1bbd14c1c0e2ebf7cd906961d122dadd5448a7,81872081,2889872208775040000000,EOA
0x926253f534ff911348c5271b7c380884cab648ad,84868562,2882455769349210000000,EOA
0x78e87757861185ec5e8c0ef6bf0c69fa7832df6c,108087937,2829872127499440000000,EOA
0x0933f554312c7bcb86df896c46a44ac2381383d1,85909721,2781967632568340000000,EOA
0x369606edde71fb6ec43353330796544852bad340,91719368,2754239672247710000000,EOA
0xbc2a0913b30283c2c680cfc332c8d85399228e23,85948226,2734440028722220000000,EOA
0x5a577dd5a90be0feba8b596e2509289df8cbaff7,82921410,2683935821674690000000,EOA
0x8615ecb2b27bfde5e48536e25340379e60c04cda,96309341,2654569529509680000000,EOA
0x3b775b6fb97e1229b82709eefd25b0d33831a738,62105915,2629603730818310000000,EOA
0x9c57027b1eca93093a6f446422c59c85a5a3fa52,108193636,2624470481793180000000,EOA
0x2f707265e61300e8290c18e38ebcbd129fb0b0f5,90045538,2608089344254900000000,EOA
0xbcc181046fd96ccadf0cebe30d4ff67d4373a126,90869856,2567414724559750000000,EOA
0x37fabdb1d081f0a69ffd2a9525d71cf220041dd4,81674887,2541003302994930000000,EOA
0x97b342386b4291d22f5bf573715bdc23d38b173f,87535492,2516870071625670000000,EOA
0x96f249bcf74b349db4b41fc192d25fe84b4520c1,44929811,2506399667991860000000,EOA
0x0056d1fd2ca3c0f3a7b6ed6cdd1f1f104b4bf9a9,85023435,2503854247497920000000,EOA
0x40f75477bc81a921f830835dda7efec0e7489c62,48150263,2503854247497920000000,EOA
0xec23615309aa1f56d5d01647e9c5d562ff375ba0,83568006,2485462509536860000000,EOA
0x203b355b1edeb6242011a620bf50c19a6af4f42b,78883708,2482322813458210000000,EOA
0x8565faab405b06936014c8b6bd5ab60376cc051b,84701083,2451273308300460000000,EOA
0x3b202b464616791d2eb1417f9dc40497b6fdd6e9,84548142,2363388024213280000000,EOA
0x7a03b2e8ace63164896717c1b22647aa450954a7,78274422,2322284134936060000000,EOA
0x03e9a17304a1c1fe229965616b7dddcd96579a29,48664874,2307471955755940000000,EOA
0x32f8c8b40b62a73d514e8be0f58074edba533937,81565534,2271151596198700000000,EOA
0xda764491b90207dc2743f8efc5b28543dc5d857a,29486801,2253468822748130000000,EOA
0x1993253bf4f1dfdcd0258a324bff554e6a44a385,99870604,2246700580336220000000,EOA
0x605f302bcd8f53024713282fced7270d95a6fe4c,59241723,2209146906512190000000,EOA
0x27c7e71aef0dc5cbcf7af511f3abac8ee6845685,87514420,2161494196030390000000,EOA
0xfda906bd24eb4d7fd31030f692b797cc681306c9,87535469,2116865123863560000000,EOA
0xad32bc446cc906bfd5f74914f5bd9cbd1443bcd6,84127864,2085850700012090000000,EOA
0x74c7eeed32c2def8f932053eb2137fb59a28fb17,45855872,2076416583640800000000,EOA
0x86341e73d9deb4696b1ae50dbce8f2d62fa06023,35474545,2069843180497070000000,EOA
0x93a79ae91740c54b1221bdb2b44be1cb5eb8ff52,100393360,2061250176707210000000,EOA
0x0d58c2e7b04aba6b64dd21057af573bc3255e12f,86254203,2057806046203010000000,EOA
0x862606a6012fa68019ee26ce4a3b35bc2684beb4,91031580,2054278791019030000000,EOA
0x7795c0475faf6c360c4a5748173c72c4f27424f3,78020606,2048405903965140000000,EOA
0xdec79cee4397202739ed948ef98846774feb53f9,93167930,2031971887990900000000,EOA
0x601cc773c1cb38673be5cbc75ecb3a1b2a79afec,86230805,1990680926334470000000,EOA
0x5f82c97e9b1755237692a946ae814998bc0e2124,41774002,1975188992633810000000,EOA
0x9753dc0c13b3685833756a3cb0006d5ef3e78458,89778289,1964907218610640000000,EOA
0x2ea2ce595bd68a0cd1fd34b06df98970952fe4d2,105975773,1947030876234350000000,EOA
0x58a7ccd4bc5d561b89606909456f23bbfc9aaade,46878726,1946129220232550000000,EOA
0xba4bd1c672f0046ecd6a10273ec77d0bb0c10073,103855886,1939899058388190000000,EOA
0x54cc6c3e1d66155397cd428e65aff3f20fc2cabe,85807931,1939589341459430000000,EOA
0x0f504b06bf14f9584baf9dcbb3caca645b136ba5,50358216,1909492564987160000000,EOA
0x5475f42318884ed62be92b08058845c31c1979f4,51089046,1877890685623440000000,EOA
0x1892b15cece1471494af00e7552693f3facc8ec8,81110045,1840414722742470000000,EOA
0x959d7987d9d03583e801905a95624084a7f16645,50511841,1822158052892230000000,EOA
0x65f26954f3014f4356876cb1806a56258f6965e8,84910578,1819803703136420000000,EOA
0x792110d7bab2273b0c084d4e5a6fddb9f8cd6673,94554194,1777723809859960000000,EOA
0x30cefa3a6b3d8295b141c279dc84012d2a7bc689,84667658,1762899990641390000000,EOA
0xaf65c100ffeba4bc89f0d801d7662c5a6238b481,79553351,1761112125094290000000,EOA
0xcdab32d68706f3648e7edd013ad2f38e76f71040,84496411,1744710764580860000000,EOA
0x52997d5abc01e9bfdd29cccb183ffc60f6d6bf8c,80172401,1742917529318940000000,EOA
0x559524b8d5af5292e4ca30b30ea3dc8261e1dea4,95627576,1729627747532390000000,EOA
0x787b4b7ffef8eddad54f311039acf4c36fec9593,37400260,1717912113899680000000,EOA
0x6ab880afd1e0c7786cc5d05f4fd9b17761768da8,93611220,1675037902683360000000,EOA
0x6792c4e8a9efb4ab04e73e9b1c9bf16b7ccc74c9,84822231,1673395338990330000000,EOA
0x117b9431a2f540c276604f3c3dd52a8fbf586860,47928045,1654480553669820000000,EOA
0xeefd6537adbda7b1a9da3f6607dda26b048489c2,98483201,1653664263356670000000,EOA
0xe546b43e7ff912fef7ed75d69c1d1319595f6080,40798379,1648369829159760000000,EOA
0x5e5ffef1103717f17a9a155d0c7646ec5e16551e,84646344,1630526329217410000000,EOA
0x6e52a3f199b9e2da6f9bce4a395cb015a0c737d9,87888449,1627505260873650000000,EOA
0x1c494f1919c1512ebe74a5dcc17dac9a64069023,86149956,1618915833409580000000,EOA
0xb8aa5d63491c087d40fee4311a89b1dcd74b0fdb,98563076,1617632379044110000000,EOA
0xc766d73be01caa06834032bf5c8f8f0f41a7bf36,85189519,1614263505617640000000,EOA
0xb020936042fbf3472b6bdb34628bcca3cf78da4c,78097436,1607237222565260000000,EOA
0x480a1309f9bcc435be85998f54db2d440b1a892f,107336122,1599211892270090000000,EOA
0xb13e63a5bfa4e4532f808987e374b132dc6a0e18,91633349,1592338438729560000000,EOA
0x94c07beaec7e4d36de056a2630d17271e0acacd6,24773196,1588040223421390000000,EOA
0xc399cb4679a5f59a6a4f00473437d0273dd5d7b4,94375930,1565671321178470000000,EOA
0xb2467f2db0c62c9cdb7482a0a71a3f4f6f9c32a5,83238414,1564909558310730000000,EOA
0xd762205476ea5649c689a8a703488572c8b3007d,77020318,1564908904686200000000,EOA
0x75b94b59e59f31f1c1744396c189a4f22cc569e2,48512308,1564908904686140000000,EOA
0xefdcea99cdb77ec4f0a474dda114a6f84a0f3823,48465494,1555834939440040000000,EOA
0x5d2d82af3e07b5dd17b19541c4a21e51366d1a34,87757375,1547094895484140000000,EOA
0x9824697f7c12cabada9b57842060931c48dea969,89240517,1533610726592470000000,EOA
0x3cda08793efc7d056260886d43866d878c2630fa,84853526,1533035416662990000000,EOA
0xa3d06aa70d505e0435de808b386d297cf347bf31,82483501,1524673108297530000000,EOA
0x44ad5fa4d36dc37b7b83bad6ac6f373c47c3c837,86212645,1499583951613760000000,EOA
0x7c1bbfada0e2353eeb6820c64731797f63a8e571,79045516,1493884562577780000000,EOA
0x7736d00b07876bb87c4da13179a1535bbca163c9,78452372,1477173586717520000000,EOA
0x140a1773d1a44393a4dc5397285b2e0ca86dff5b,87948932,1461457401146650000000,EOA
0xe8a83b1f3ea6d27ed3837f36cbab83f43144755a,45391324,1435514141361130000000,EOA
0x1aaf5e41c2c73617bc120097547a3410caf6718a,84323400,1428269972154390000000,EOA
0x05a26d30ba09911bac14f38773ca44999104bd5b,96076016,1427545494254140000000,EOA
0x5ed4a05aa8f4c057a679c340637af7790320f052,34852319,1427196921073810000000,EOA
0xec7012d6e1037024561359c20dc818f92de56412,77314422,1422852293888770000000,EOA
0xd5dd2d695e921bf0a8da750199397c3c33b129e6,83674495,1419880309889450000000,EOA
0xbba2379f5cc9a2f248c5cf18ad72379ae2478f42,96371583,1415894804239830000000,EOA
0x881DD85238ca7a71d12e6499405c9A51A25355C6,88272644,1404796199795090000000,EOA
0x1e360bc4d5631766474d1af48e4e470c17891315,92281936,1400017846459300000000,EOA
0x34dccfae06202d1167797870679fc1fb9ef7a523,55428873,1380392337469350000000,EOA
0x6994ba66fd6789044c4ad43786cc16840d099c8a,85830609,1367329844404590000000,EOA
0x432fcd67815d5cc72808a7815a02373fdee7d740,105177016,1337847101366490000000,EOA
0x174e070920007350fa0193e0321f9bbd3984949e,100172784,1329550938658660000000,EOA
0x510d0e4def20c6bfd84f080bc424bac5c66941f4,35736053,1327916522753610000000,EOA
0x773743e9e4d124d7b79c98799da8c1e14f032080,89107183,1326545088244760000000,EOA
0x9c52dc78bd84007bf63987806f0aeeece0ef14a6,84859221,1291485893664980000000,EOA
0xc00a6614b8030ce216302016e11c6b4140b5e499,89854876,1287067596910870000000,EOA
0xe33de5c1d7a2f91149f179bd35be4ac503d2f09f,80920968,1274910436944440000000,EOA
0xe298378925d7ca64d45d5d0a88c2d6d85ceafd57,80317108,1270652956056120000000,EOA
0x4693c4fc40c93193b4d9bae0a9d0b66356e71066,85570332,1257940330465070000000,EOA
0xc5df8672232f1c2b75310e4f2b80863721705a12,106179528,1256911346528950000000,EOA
0xa1958a37c21372482deff4618baebbec23c9a449,83707706,1255239204187850000000,EOA
0x6980e09b44f5b59cc1c423afde8ba10200ae4535,21303975,1253179050872710000000,EOA
0x94cca8143fa05c42804e14e290e75bf0fb26c7b8,102016134,1252957935346170000000,EOA
0x5fb06990683e6a57ce9608702454ee55d30fb0d3,78576626,1251986521423970000000,EOA
0xcac99e3f8c56d5508b79e0d773f08c41a15152b6,78622301,1251958421927050000000,EOA
0x625e3b36d2a8bb362254fd6a6206b0b618ccdfb9,80642400,1251927123748960000000,EOA
0x62959c75b0ad2f02db9a458fadd2843cbb1a9e6e,82749057,1251927123748960000000,EOA
0x6aed19abab347eb07a2c8b264fc5c4c1b002210b,84844213,1251927123748960000000,EOA
0x7ce549b40a68a64df72981e3146e5352aeb379c3,24702221,1251927123748960000000,EOA
0x8d309de16a745c15ffa00a46da4eb3e044c54d63,33283251,1251927123748960000000,EOA
0xe070e13c4af740a93109715b0c7c2ba7c30c4ef2,78104461,1251927123748960000000,EOA
0xe5ae5aac9a19ec43abdd161e95640a1cc12ae348,97962509,1251927123748960000000,EOA
0xf2da8b05f3a9d20e3331326ee48d19a21842dfeb,98866717,1238988427323890000000,EOA
0xe6fa7a5d3538ca68b2272bcf9666faf31f274815,63995001,1225585112184130000000,EOA
0xc2f9118d721c50cf9232c45d52f4007fddef2108,82833878,1207313661672940000000,EOA
0xe3dff97e14f3a55228ed2f614114bf6b27a7677b,81714804,1192493211443540000000,EOA
0xd2276d87a3854ea6f4adc82c25e1f1ecb4e23f84,81305732,1165668030581600000000,EOA
0x68deb97e36275fe189f4d9db80e53aa96b17a04c,47665049,1156478567644670000000,EOA
0x4bf1fbc233cd6109c35a4cd9d34540173af3234c,84060375,1148255799948090000000,EOA
0x6c8e4d6f376336871821dbe369bfe444fdd1fc99,81148939,1138157005333930000000,EOA
0x4dec19003f9bb01a4c0d089605618b2d76dee30d,51102904,1136986189224260000000,EOA
0xaf4f29c256437437354dc020b57ff73b223c18e6,54811509,1136118419355360000000,EOA
0x9b52010910bbce6b2fa9a23b61551d6e365fb5e8,104478487,1132603291542690000000,EOA
0xba0c565110f65d181b9ff1d8a9f787b52857bb0c,90186012,1128122006207810000000,EOA
0xc6153e14a2340977ddfc8e4892a62253138461ce,49527830,1111096524610660000000,EOA
0xc928499a080594c8854d1a46dcae5e862acc5d08,77628412,1109431618086210000000,EOA
0x2bab943d78b02326bdb3475a202e49775c8e28c8,99716921,1099003644126280000000,EOA
0xf4c5f7a94e70072b01eaf38bd049c25a0c6fb32b,77380112,1065744965306600000000,EOA
0x5078c825e2f8a4408a6525d9dedf64618f149710,41293760,1061125801232670000000,EOA
0x5b7897a5ed54642e388b9bc470912d27f18d98ce,84944110,1054380758004110000000,EOA
0x222a227a5dc77c643e836556e573cb266998a870,62333396,1039397513501390000000,EOA
0xb0cbcc777509b0ff315392144b0e739fb443531b,83028354,1037686228974430000000,EOA
0xed51d70c30acbab4ca261057c4dd94f8942127de,87325398,1036016969584840000000,EOA
0xd1ccab6b1f4606d80106b52a4415985ab78cbb93,78000661,1035326261197460000000,EOA
0x9c19b827a3a30376dfb7607225cfeac20aed5fc9,49758428,1034099771613070000000,EOA
0x23cb399ff19d6d01f80faf0c03a0ea2288dd7b0f,84767716,1032219065941200000000,EOA
0x98a529e3488c2d44566881feab335b17b1c3b430,78048997,1028332939447390000000,EOA
0x4166205758e79d3b2a169f4c9a301e1813d89668,85107447,1021079055284390000000,EOA
0xb203df26af3666f4214661f7f903c46edf9403b0,38972967,1016394445110940000000,EOA
0xba98f27aff0d89abca4a024af8bac9b00aa67832,82103702,1015032140211980000000,EOA
0x72df07babcea92759602515d2065efb49475c97d,108485683,1013860950759460000000,EOA
0x05bdf051fd2bdd05d366ee1ae4c02733c6823cc6,78813217,1012886475941690000000,EOA
0xea4007a31d9a81c52c5a5106dfca203000e4e885,96651475,1010509227538530000000,EOA
0x403d37c861fb54b8f37a3a1870abce335954840b,87598070,1009821789472000000000,EOA
0x5bff1a68663ff91b0650327d83d4230cd00023ad,89351034,1004140027611750000000,EOA
0x1ae4f1a178abfc6b7c90da19917676b82c698e4b,85525741,1004045553246670000000,EOA
0x8a3a746b66cdb1a80a72f615bab322438c9750a0,41058585,1001541698999170000000,EOA
0xcf92641e8463f2906f664757b8b272ec24e418cb,44793198,988631850667389000000,EOA
0x4ace9dcb1cd7d64acbac8384a5c5ae40a1697380,97698729,987790732709049000000,EOA
0xc219cafde6855f60da76d9cacc3873fda65516e6,84705494,977259888792838000000,EOA
0x64709afad07004beb53d76ff26c5549a84f3a583,78067047,974572591837681000000,EOA
0x7a8eb068b008137ad2c4f3a852c55ebce132f85d,81798149,963771910008730000000,EOA
0x763c823e2bdd66538c85736b1784031fa4d993f6,84693544,958306376645259000000,EOA
0x14fdbab1c203b08fae40dee74ce0736e57a18a3a,81116334,948332001842362000000,EOA
0xf3a8f29ac7e30be74ab2bce0f2d537b1a86dc76d,89892167,942844252901191000000,EOA
0xa6ab5ca03954e8b2bb54e9006efb8e68824271fa,88793421,923598711581299000000,EOA
0xeb0cbe40c8cdfa1838a21a031edfb401eaefc651,86253785,921445163997038000000,EOA
0x18829e507e072af3697ed1a33a6d8d53a86f11a9,96731993,915368267922717000000,EOA
0x258a4963c983138ead92d71aeb2a8dbfc56708ca,36061483,911520484633131000000,EOA
0xece1477d3c350a42486d2dc802f6243e99409a41,106889950,895729177667011000000,EOA
0x4f16ca6da7f5be5afb574082108d8631cd586423,78989537,895409105294606000000,EOA
0x6ff8a0b19bc1275fd7e2075d4de197eb518750fc,35941095,888328412361742000000,EOA
0xf504b2bcb9125e3d5243460999668d79f38f9647,78632946,879612811219065000000,EOA
0x6ce699e7b3968fd238a99f2dccf104cba99f9b9f,86243493,863168832681158000000,EOA
0x2943ff6c095aa1811c8b15a0ae8fbed70b2ac589,89398023,860279199772742000000,EOA
0x303f2d38ab911296deca9dc19968a854d9cbcadc,101312771,850676107846283000000,EOA
0x63b4b9081e9eff9498421998913702c350f0a09c,89397712,848906365129859000000,EOA
0x4b887546c27b2df2e152fd2d2dd93030706d2363,42153074,844356966856885000000,EOA
0x5e926acf797e72d08e66e1f6b2cfc49200453c6d,82435102,842086800951207000000,EOA
0x938898ccaf594980adfcf7235772b23b5a1e9826,83264092,834370190717476000000,EOA
0xf652f5fe6a9bbd134ee069be313bdb7b37b33db7,82754380,817966582059641000000,EOA
0xdf84b6941601d20e8b0a8fd787541709144e4c8e,83191765,811681568079205000000,EOA
0xbf88345bb071db502391aa18fcd37ad91210d678,24766970,793547352973169000000,EOA
0xd956e7142baa2533c7e54a1a2c9cd22e38273c24,86054557,790549743454765000000,EOA
0xf61d6742eea5e1f29cb4b96cf7108f32424d562c,39784247,789017641175460000000,EOA
0x2334ca11802c8fd6b0c11c041b1c19ffc90e7c93,20897795,784137931558016000000,EOA
0x4b50ca44afc1e27f129b3060467a0284d80b618b,90043372,780923473182640000000,EOA
0x1d2e5c0b1ad81544c147759aff4d064c9899571e,78268645,777601724893879000000,EOA
0xf0754756e71aac7ad2b6497e7006f5e44d68d592,89132812,774515845979056000000,EOA
0xbcb046ed6ff5f4ca01f2e03329399e10bfc8c58f,77146044,766502216698961000000,EOA
0xcf0de3dea22ff2b1ec918c13fdc31f3874fc72e9,83123640,760526579579026000000,EOA
0x72ddb9a137f969071853d11165539052a8936c78,51269444,758004531807693000000,EOA
0x7e295c18fca9de63cf965cfcd3223909e1dba6af,91476712,755946925965094000000,EOA
0x1dbf00bc3f40f551d79422a96367a6f58ae59412,105829500,751950710158032000000,EOA
0x16c4dea391b7059203f4acec8ced70411d52bd17,82702663,747998501734183000000,EOA
0x55c3d9b00eaeeca9c34b13817f0e94893b168625,85547116,732606800215241000000,EOA
0xdaf93a6a56aec45f7b23aebd531177cc531133ef,86308168,723185411214148000000,EOA
0x1ab3b23cee3fbbcc31c56f7e1a144961e7a7804a,84892316,718743504371406000000,EOA
0x39e1c6a9517eb4709b4db48f49c7d8321da1af5a,85112494,713991564370567000000,EOA
0x1819bc55d09e4a5abfc83d75e5991cc2c91b81ba,58060247,703503371017712000000,EOA
0xb888f9f40f6007c06681306bba976f5e25691e1b,102020024,703237728975658000000,EOA
0xaf37b91ebf3e91629462d5c6fb263acd025b12c1,82746515,702310229361258000000,EOA
0xd3bf954fefc9c2203c45a4d5aa782c208b914664,37025305,700110630055478000000,EOA
0x5cf5ec36d95568ce6db0c97c7811941338620664,49484754,696657820924686000000,EOA
0x8f2e458791069494eaf3789a1ed8e0b69dbe8dbb,79721769,693585481204695000000,EOA
0x6cb9dbf399775bb75c1b24e9928a5a14295f08d5,86641511,693275865597043000000,EOA
0xc50c77dd954f6366e034da86e8f3fe9958cc6418,93622493,692620585927819000000,EOA
0x53a385d47d3a011539ec377f53acb410f53ff97d,108520920,683204697858624000000,EOA
0xa1bbd8d39ed536dea030a32f3f6c5916c845a800,97089016,679070123037206000000,EOA
0x9174016cb020e73728bcf39d65fa153275a7a13b,102817675,675955447520030000000,EOA
0xa31322446260f58338435bd519f3a00a0d158091,65963640,674831862333243000000,EOA
0xb08e7985e84ffab8d0c85a56aca87819e4e35450,43004263,669708535830846000000,EOA
0x5547e568705ed69440b499a2e0eb769c956fce01,87558357,666322728643337000000,EOA
0x1f723a433984cd443e2d07dd2da157e24065bfc4,83519307,664995863316715000000,EOA
0x3f945c994ecad81bb15e5cb8d9fb5aa7ec2fca70,56429080,663521375586948000000,EOA
0x36cad6beb417dfc9e7feafb7b777437526184108,33915369,659146765234386000000,EOA
0x9428b02560e91608bd9780a916d5eb89eb9a4b6d,82958008,656021933859988000000,EOA
0x2a7051d7cbbef7b6889f8e14774020b1653b94c1,77346271,655676115780875000000,EOA
0x550dd35691e684b2ad82af803b02cd481ba52c5a,82140834,655246053894879000000,EOA
0xbbd98aa93942ea47f99e071346f7c17f287ae441,47764849,651002270824419000000,EOA
0x9d9cf0a22584e3afc597c979f7b6b235510934f9,25095227,650230909885491000000,EOA
0xb40e7daa5ff7c09b38f3bc485cc46bc14d635d4d,81369602,644896373069853000000,EOA
0xeb1bec018d292c25c28425227587135189ba7ee9,83844336,644220047178055000000,EOA
0x5bb11e08c24d83d526ea1b6019c320ce30f97d51,77932250,644173870695277000000,EOA
0x87f13c2d3550f32f5eb4c3c3fea371d3c7046f20,84774216,639897522719545000000,EOA
0x4e46cd691b0a159fbe5e2d08a3951a324e2fb4c0,88508729,637585388923546000000,EOA
0x2775fb7e8ac8a3ab06c9bf324c5f2c568d3768df,91917558,626035234175131000000,EOA
0x4a5efa846e7375a40dcd596c7c6dadb28df28ae4,47590987,625963561874479000000,EOA
0xc2a49d4bcd6f1eabdea459977a3e7308e33bb22e,49302497,625963561874479000000,EOA
0xc85aac62debcb68b94a2eca550f650e069bcddd1,87604158,625963561874479000000,EOA
0xdee45f774fa311199c5900e7c99a609e27edcd4e,100259782,625963561874479000000,EOA
0x90c0bf8d71369d21f8addf0da33d21dcb0b1c384,102857282,625873438828248000000,EOA
0xfc4b2a62a06cb2e1c6a743e9ae327bb16977e4c1,101109986,622300284868401000000,EOA
0xf23e1befc889ac30991762ed44fbd8ebf260419b,43506408,612053074182038000000,EOA
0xed504b13a19d5104f6ff316396c792ed5428bd54,92013408,608299042760417000000,EOA
0x10e11e6443904faf15cdb944f3e99c321ccc6199,83525862,607418716047411000000,EOA
0x8bb4ffb2a5a7785b003a639e13544b5e9b196508,62332581,605178478035032000000,EOA
0xed25349bcaceed093763b89551dde12cb1a50a75,81621683,593641213747078000000,EOA
0xa51cc4578939370d3b680f145830b362585964d5,77874419,582649551930451000000,EOA
0x76b20a25373250d1229070d8876c45a675e61d89,99455028,582645947835866000000,EOA
0x0a2c837d4fde49e5f27517a1edf25e13b1ffa2a9,54958522,582494328329344000000,EOA
0x56e25f7082d893f3c2d4f98b81e0a4381bcdd77b,48644557,581839756357908000000,EOA
0x6278f579c3ae0c298aa1c63ff5101ff42bc8f101,87787917,581747070087222000000,EOA
0xa6fa0280fb7f57328372cca92d06ac504c9ff572,56733386,578777913496628000000,EOA
0x7cf7d9ab22d62486d9c79585acd4841817ae68bc,102888389,575346718508169000000,EOA
0xa8470d7e5052f64f87db7e5d40ca660cfe339531,86398178,573595585083519000000,EOA
0xa296838638646f5d411169ef6c308cc745c2c74a,83789711,572350291723666000000,EOA
0xafeddf47589d5c9c58754143c04dc5ccd9820909,85886046,569496014053537000000,EOA
0xa7f73316e620382ddbb7bce83459772ebcd00fa3,84847230,567296855912127000000,EOA
0x1beba25d86fce53c6bdb028d2bf71abdc9b6a9ce,57553084,560834317968279000000,EOA
0x322874863704d6c6927b58a0a8c72a69193ba637,82950685,550708283285941000000,EOA
0x1703e33e3c0b3f8cb0b614d8a623345c4053ceab,89925054,548494781602587000000,EOA
0x56e7d2a9d752bbc63b47215ea3608eb85a5968d7,99395467,544415121689921000000,EOA
0xc30bd79d8a637d301d676480902bddbfe08582f3,99710219,542919953653413000000,EOA
0xf590d85c60fa9aa932877073a93cce542bb247ce,107414253,536073045771757000000,EOA
0xb646e04fa4dbf9f69b5a8dbad9dd7c83e4033654,83829614,533727280134684000000,EOA
0x4ea6415289cf688f8a19381e1a9af213d2510454,100186141,529488848622655000000,EOA
0x1efe89c3c8bd55803e4295960b942a2b9bb91782,86633528,529142648938067000000,EOA
0x0a0ae914771ec0a5851049864ccc27b1baa8cd43,102833665,528171835901753000000,EOA
0xdf501d7d38624d7b069fb7c38348095c64dff767,95673797,528033648172115000000,EOA
0x27861e390d45715fb8c2498cb66800019cf2dbe5,41897278,526693233150760000000,EOA
0x60959ed8307ee2b0d04306f6b319aeee8864f1ee,88594219,524588604567152000000,EOA
0xdba26a609737440456a54c2eeb6feffc4399d986,54918546,520348075643746000000,EOA
0x36e272fa836115837b1dce51fbd8f273f7d839d3,27094476,518514485305180000000,EOA
0xb2fdb7b3773dfe1cc43cd15964acd2dcd210f8b2,46177350,517940292866993000000,EOA
0x7217a656bd5442ad6aa51014e19846f4eaf42fe4,77306720,513178169863848000000,EOA
0xce1f76ea807d282861ef802d06355c9a19bc82f5,43483811,511622032349353000000,EOA
0x9e5f08992e56cdc14e516e40879126175fb7b9b5,46338161,509653284094967000000,EOA
0xba8765802198e5c19f2ba8fe9b0da2b225927aaf,94982866,504784444181071000000,EOA
0xd8b2b7f42873f111348c835563e26865474337db,88400610,503094785994107000000,EOA
0xa3b11d1f06d71eaa9cd3d0142f08e7ace9b474ec,44327159,501729991501505000000,EOA
0x49a5492fdfe5acc966dd5f41310dfdfe8daa349c,103384230,500771269241074000000,EOA
0xb2ed0ed2dbea28b3ff3eee974f862ea17205c5e7,80452801,498801298139740000000,EOA
0xfaff4170e628aef5c5ce84c47ebddb5a99517fe2,27782850,497701718194975000000,EOA
0x6b13b36d7f0add9c96f9aebc884374d9e974ba6a,88443432,491137972508481000000,EOA
0x20d3d421e06e43d280e685067e329b780915a757,81415632,486400278931054000000,EOA
0xa66539b1b76d040c1a6632f8bd85d3da1dbfd35e,27814686,485256839822160000000,EOA
0x02491d37984764d39b99e4077649dcd349221a62,80615404,474204561987169000000,EOA
0xbb40888f5c2509eba0dce37dbb02d15f6d26e1fc,79625657,473594072474097000000,EOA
0x829ceb00fc74bd087b1e50d31ec628a90894cd52,77849612,472354057288396000000,EOA
0x2def61ac775df19ae12cf41909795aadb8a334c0,83122645,470398024619834000000,EOA
0x1680c3d528f4814bb3997b8ad4a2f361bd7020e7,95955665,470340008953281000000,EOA
0xabada1b4fb722c50c682fdbd9c6df0de74c061d1,26377687,469638577957933000000,EOA
0xac59f71c383de1ef94802676f72f1bae3d7d3029,37684316,464023667766399000000,EOA
0xfe8d5dea7987d101247243d5bbaf7804a1ff187a,102937214,461898742546642000000,EOA
0x6ca0d65fe5c8700a5cc7a2c3bfe801111a1ded1a,84491456,458431189382074000000,EOA
0x6a11bb3014df9d228037f62510940633215ca1b5,51198205,458011922239024000000,EOA
0x42fd445e08c89e264695e3687d3fd3547c75d6b2,84828558,454575839268892000000,EOA
0x21a0b6fd81ec697e326228df279f9add0d1b021a,78067371,451544524472848000000,EOA
0xe5c4f20d6e299a637a5c172d181c30ca5950b852,101474243,451117575910409000000,EOA
0xcf3ccafeaa0468e39b80b67b6e2b4ea3dcc8bef3,46724170,444889463266288000000,EOA
0x7626f002aabc4bbd96505ff9537db75c82dd07dc,91370094,443713009499426000000,EOA
0xc258d51d09bbfb9d99365e95d16d197a78469128,85725603,438334026709706000000,EOA
0x604115c5e484fd8adfd79123817e48257c96a925,100796547,434823168243175000000,EOA
0x4530f3959ba3a9cd11020e34f985ca093bf5a54d,50969050,432403756432250000000,EOA
0x9e13e09c176abb6a8fbda9e0272c728d20f188af,49046223,432103591710062000000,EOA
0x28bc398d2fcab74212b766b15e26ebd986b5fffa,52165694,423073104511757000000,EOA
0x9b484838af17ee7f9852b1de53a356fa4e1cdfe9,28013291,414483970636273000000,EOA
0x70192b2f68ad1840dfb5ff051b80f730373e81b8,77878574,409006208501449000000,EOA
0x0339cef12a92ecfb9700d051400abfa6ee585c97,52335542,407481724897309000000,EOA
0xc85e968c6bb78fe5148804438ae9e5abd6895fd2,62078131,406153513598668000000,EOA
0x0d492c9bfd27778ee42270f7e5bbd9b73cf56c49,45820165,405764834534608000000,EOA
0x195b8b9598904b55e9770492bd697529492034a2,82421838,405610485007828000000,EOA
0xeb7989a7c04b70cea2bef6c2160ab7afca2a0d98,83959760,405587391714319000000,EOA
0x3d713067761725e6a237e5a0572aa47348eafe3d,100856241,401638777417529000000,EOA
0xfba9034ed1c0767bfaa5b51768e0c0576f94cfa0,79779821,400068639072529000000,EOA
0x3830f1290da3fdb91a337a1458aa34f60c49ffcc,94789457,399272646185225000000,EOA
0xb5e83ad7b19346587046e4d9c17c28abc2039f21,85137231,399059459446318000000,EOA
0x28c6e0a61925c5f36a095c8772e60d369e5aaca1,108199368,397884394097636000000,EOA
0xd917802e8927969a824ca5fbcdb635fab76ff8ac,78120291,397676796485604000000,EOA
0x56a356c378c5fa08dfd32ee4ca0dce93f328ba37,86133074,397591858399759000000,EOA
0xd08bd681db889b8bf3095cdaa863a05028a7c1e7,89384697,397564699998438000000,EOA
0xfec2de8d9e77214cd219cd03c0e722d82b4de541,78114859,392704623132239000000,EOA
0x97404c966418c0c91d23de5f1c159ed010f76914,83828619,390037209784194000000,EOA
0x7abfce9bf06c6caefdeb03b825c6f28cff55ae90,108458679,386324777161338000000,EOA
0x5dff1e7ade052b382bc3bbf627768808a962c334,84090452,384821873574809000000,EOA
0x28cf3c605216a841b1e3b77aad0c82d760ed7a00,89169595,383702279751017000000,EOA
0xe87a10d5b212d169ccbc9a50cf5e23dd3da27cb6,105963503,380263481946074000000,EOA
0xc9e61985359f49bebe66c6de28b841d6b90badac,51085549,380232636334265000000,EOA
0x47d6f96ba098816389db7c87cbf077de7181b853,84607788,379298828594049000000,EOA
0xb6a49b08f72f3ca662dee27c171658a576ca293b,18757329,376912337447007000000,EOA
0x7b0d3e6a5802b93839c0b0a774a44fb4c789f37b,30318039,376248252064059000000,EOA
0x06a49bad481e9b533f8d7abc1ed2c755b5c95e22,66797810,375578137124688000000,EOA
0x3c90a3d43f3f5f2d876c02ac3032fa72bc067e50,48023272,375578137124688000000,EOA
0x3dd46c99d08d62e0a5abb5f755656eafb0aa4e43,78048201,375578137124688000000,EOA
0x58106b4475ba06994f95e230a68ccc957ee7896b,28653772,375578137124688000000,EOA
0x49991a1e729652c62a328a5a47996f3dfeb3df40,80694486,370191450710420000000,EOA
0xfee0a5607c453f0ea32599ad0388eabd37a9c404,78643201,364714664202376000000,EOA
0xd4cb36e89074608e36cd138ea4bbdc8eff1cafaf,31650016,362573332835354000000,EOA
0xad0bced4330bf3632d3bdc6bba4b9d9d8b238236,21973430,359671352549670000000,EOA
0x7f4570bd5cd4ff76718719a5ac02c033ba432239,51580269,359078496096602000000,EOA
0x26e3ff43b7dc911a752f2e44378516ae575dd4c9,84591340,357086897259325000000,EOA
0x6d4ed8a1599dee2655d51b245f786293e03d58f7,78478424,357015073443560000000,EOA
0x5ce676b01adf27de6b7637b6dee71f01a109a198,77133043,356076754693267000000,EOA
0xf5b15c4649479e6811513a5c5ebbbddf3b108fb2,91516627,354452841807873000000,EOA
0x3c61a6857adb1f4ba6a0155b990bf7a7fa530390,93631864,352532174771132000000,EOA
0xb967058350d81a6904472d2fc8a359f7d76a755a,92553958,351608222195320000000,EOA
0x5e42df062159344da795b26ec5e10851b0208863,88094147,350545949938289000000,EOA
0x282ea59e790f6346a92c68011c3c517b764fc02e,46073482,350350935575838000000,EOA
0xc1c79c6378e5a72895c8ea15fc6dd59ffddc8dee,98049864,350226422303776000000,EOA
0x4d6afe95850212a15ff41038c3d836a81a11cd10,78339095,349689708559704000000,EOA
0xf73f2d2b55c499ab3e85ad0633433969a8745b96,35836972,349439036332552000000,EOA
0x0db56c99b8ad68f35f4b1772a4ffed3fb16204f6,46141043,349312984105185000000,EOA
0x91f33fdd813a86f70c0ce4b3d90e1a00f1d4c63c,35167520,349227866113689000000,EOA
0xd53a92ce35ee4bd1cc54966eec499b0018b408c3,81237732,348880938038161000000,EOA
0x432dcbda06e8b296ca29705572d7cb6315ed8bed,77440603,348100737025596000000,EOA
0x954c8952cfb768617141a2cbeb2b23faaf7b89cf,91005343,347928591737201000000,EOA
0x26a41424bf8285413f499cbc59afabbc0141d534,86217883,347726321773558000000,EOA
0x59985b6660c40a0d6fef4a0ca4c2efacd3ade0ac,38095858,346244013628013000000,EOA
0x4c28b7a52cf9b44b7f775a0660fb09c41694ee7b,88313920,344201847701828000000,EOA
0x8f346221bc7de074e01a91a56dfba2a88db5a524,86014950,342096269257833000000,EOA
0x375a9574078e20b442a281224b503ae960785d9c,95050252,341370613084842000000,EOA
0x3c0cdba6547d1d3f36f9b8ee47809b4b0790ec9e,84933942,340792351694958000000,EOA
0xfd75b173c860c1478c3ff39453a0c72fedce6c81,84662088,339251538775067000000,EOA
0x93c20947353996eb928af059c07546814a7f88c6,80561275,336406368510421000000,EOA
0xa7c6d9668d8b0f4483835479a0c00b13084daac2,77990322,336291073048466000000,EOA
0x39b185fcf2b7eff74cfd2a48be043f5b55c44bdc,82910868,335338815116089000000,EOA
0x4d26f0e78c154f8fda7acf6646246fa135507017,94151748,334264542040972000000,EOA
0x57bf3b0f29e37619623994071c9e12091919675c,77306792,333974249827269000000,EOA
0x79277c435c41e9dcb99d54c4b9c4c78cc2b5c15a,91358085,333129743729816000000,EOA
0x0668fe058aee08633e00469cfab22c5efa58c3f2,77869160,330654946887769000000,EOA
0x483cd981361eb7ddebeb249e8faebe22ad638c6b,82181485,330302077518257000000,EOA
0x15b3392708755a9f7aac3b33b401d7efa3d52f38,46853814,329673427973979000000,EOA
0x8ada3d85342c3d17c768992a56d39aa733b5b38c,95904589,326329898108993000000,EOA
0x50db7efacf9c48ca1da8c1250505f3c0d5f34515,51801249,325763513289511000000,EOA
0x216dd8ac9574c8891cbfa83808e1cdfe6cc61c2e,54241092,324999322783311000000,EOA
0xe7b4d4b35a0f2045c6e77bfdd94b99fb0be961b0,85866382,324364078658325000000,EOA
0x912b37e4ad159882f60de59b27882c5daf3d7e5b,35928281,322452475336995000000,EOA
0x136200e3728ffdc1688e9df19f0b6878422c0fbf,87019309,321273110844239000000,EOA
0x2f10ff6ab2e9af48d28d6ff505296abd680951c3,96614302,319470351034063000000,EOA
0x4f918c5888d57505e32bd4e3046e4bbd4f44c708,83175174,317726613669559000000,EOA
0xf7b18e107eb36797f4ce36de756630b9c30969ad,77607758,317087749623874000000,EOA
0x78d6d4c7adaeaafb0e3ad642012cb1cc49ad18e0,84831364,316097080444496000000,EOA
0x429158359acc2662f60b582e851b51479cfa11e1,87410236,313669729471400000000,EOA
0x160a246f571c42eb55a947e620335b83bbe27473,80763371,312981780937240000000,EOA
0x717f4308208827bc51982df8f8fb28e49cd6d540,84836627,312981780937240000000,EOA
0x93d87d3488b2774dba828a53af99b083587bcedf,54418149,312981780937240000000,EOA
0xb82adf9206ffa17b5be784d94a8ac76606691c56,33877909,312621096810671000000,EOA
0x6b4da860944bc7c32c1cbca0552bf03d95c02e81,25935505,310831867510796000000,EOA
0x40ff919912ad1e571de709a147aa124ae7017fdd,47053538,307766030242097000000,EOA
0xfd5b28aa06947b870f158e21c97fe42e262391d0,88752072,306739025734217000000,EOA
0x05efc12df01a04a1e92d817d4bf5447178cb5f2f,30049394,305907141913452000000,EOA
0xf5967500b53452c7c594eb78ae45de671bd55d0f,82481180,300961268720890000000,EOA
0x4fa2eb2a8ef0dd308d03ff0fb5aab60dc2fa48fb,99171349,299223248104442000000,EOA
0x52c635f0c85f2b40f8206a5afca7ec7091b945b9,84865805,294924504948476000000,EOA
0x272aa3401c119726672b2ae08d1599956afa7b63,87947016,294435594286143000000,EOA
0x53f1dc04587af2f5f36e0d4b49c9ab547804c479,96904197,293473778692678000000,EOA
0xd85a3ebca84eca2f27c8f273aa6d33292b992e9a,43861706,293085615475569000000,EOA
0x2fd5bab60d79951e12074a390147c00a361c43ab,75695465,292431532687625000000,EOA
0x9f124b8892aafda2eb3008a7442d1653ee0b39c2,101865163,292387428831403000000,EOA
0xbcf8c5f6ed6c679e6a5a858f807f0c15535fb16d,79091797,291463629016560000000,EOA
0xa4444cec5450dd48adf8f82ea91eef32733e0324,49105622,290925354411577000000,EOA
0x1b347bbf54af05b5252b3f7e600fa7b00c18038c,91554852,289998157935883000000,EOA
0x255023cf86b6a0c3371dd7d26fe8060a7d67c8d0,83377239,287943238462260000000,EOA
0xa5f69f96d35cfd21f57859935b58d8804e582ff7,38084811,287943238462260000000,EOA
0x1b3e6f7c64c59729ff23d27857c44044627ec82e,81424850,286361522597758000000,EOA
0xae5499976ffd3e58be47bdd51c787a5201d957f4,108091293,285096060968524000000,EOA
0xc61b244fa2b83efe9ef91da7390ca5fc1cbb35b1,84781940,284112688856227000000,EOA
0x4f35b7aa963f5b0bb2a5a65aece060a740b6ae4b,24891579,282469045838998000000,EOA
0xe56446c8ffe73cc9781dc35bce64c9bcbea3373d,100639285,281368299412953000000,EOA
0xc555347d2b369b074be94fe6f7ae9ab43966b884,86739534,281141234880925000000,EOA
0x6d8e8da575f803deec0288aa99b645662b0591f4,82164240,281094701914697000000,EOA
0x2112675175dd1bdc5b52d5e5299ce2070a3ef90a,102353266,280094352192393000000,EOA
0xbdee104f077fc445b066c2378559d801fac58a0f,52754143,279122373644806000000,EOA
0x23f3e6f1e807d193b6dbacabb08f3453e3a52a6d,91125383,278911952245788000000,EOA
0x3c6dfb5d608c4849d289d81d8bfccbd48d86d0a8,88481460,277130001935926000000,EOA
0x5d1132bfc763574145ec0eaa2d6152681e2fc845,31494545,275825070302653000000,EOA
0x5929cc4d10b6a1acc5bf5d221889f10251c628a1,98276343,275633630003452000000,EOA
0xd2c0884ae6950bf8cac1b91eb181449a087f58e1,98212237,274282096112864000000,EOA
0x3d484db8bb7cc371b70f2f9472bda9faf414d39a,53422896,272556077030506000000,EOA
0x9b45fd2c90b72f97d3ab3d015c2a4181d5e32d96,77080598,272217692173258000000,EOA
0x90911bbf405c4e131a4d7475aa8e991f925e0185,94683745,271950328275918000000,EOA
0x9224bbb4e0fbe2f2f8fab55debc41eb21fdfb804,106213494,271454154440072000000,EOA
0xe1f987cb66d8f0da79cb0fe245500200bbfba51e,107105362,271269802584230000000,EOA
0xf088b678310ba27a552cc64ff95126f485522a5f,66270824,270210783866536000000,EOA
0x8fc4faa9dd274dc801ca629234e83183031634ec,99116770,269342133792514000000,EOA
0xce56d6b89aba96c43e8fbf02c3bf34a751952c19,38817777,268751183135918000000,EOA
0xc13aa1d5fa211d04b7dd87ae2f780151d47022cd,85002647,268124780089588000000,EOA
0x59fb62bc94ef3592949898c948c199abc3990ac6,62362326,266777234350367000000,EOA
0x43aa3766c89437b017406f4ded420a8d72e1f5e5,68474595,264411346933225000000,EOA
0x4003966c905e0239f71475f637f56d18c220d3b8,64426621,264178612612216000000,EOA
0x64982baddae961858c1f1a1e48aef31deab66275,68359976,263354138408434000000,EOA
0x4186c746d04cb987b795822d50ba6713851d1d2d,33094622,262433361894325000000,EOA
0xfb737e8e3d9fa74d7e844bbe5860e7fbce11a987,82128385,262074588726536000000,EOA
0x3499604cf488845d9c6d327c7af2c93ba770b3c0,82847484,261690686196983000000,EOA
0xfd6d3dac0e787a8ab01f5ab5f4a1c877790f27af,84561343,259165831852974000000,EOA
0xc4d14953c039221e795e90b51e802c05d5e88e12,82458706,257949871374115000000,EOA
0xc4a7c403d012085e963d18c6229dc1d2d6d6baca,89589036,256574012787822000000,EOA
0x947952c7742e9fec4c3fd9900f1844aea505a085,49117481,256505060406177000000,EOA
0x5b1a102a8f82fd2c1231fca763a7170920f7a7e3,86702777,255566497697569000000,EOA
0x5b4ec638a242f5ea51f27c1dbf1898808d1bc9ea,85253907,254967712187115000000,EOA
0x4f74278c7a62898cd198e2441c436c72554fad81,80736764,254196678098369000000,EOA
0x4d3869e2451d28bb4f03aeda60322eaf01e912db,106496306,253711057418677000000,EOA
0x1d90fc8612389b2eada739bbba12865b18516227,76880143,252680325716866000000,EOA
0xd19f070d33e2583ea7e24a2b496bd9dee38bcf58,86634726,252018268576853000000,EOA
0x99daaf637e697c53afaa67d6ff27e336db925812,91906273,251669707024382000000,EOA
0x688b5c7b549339922c0d2243debe2fe921a1a488,80534356,251637351873541000000,EOA
0x09fa38eba245bb68354b8950fa2fe71f02863393,77963310,250471599519327000000,EOA
0x35a807f9dd68c7b03a992477f85cf5a08ee9a69e,78666364,250422068748058000000,EOA
0xd6715f048b7812f6fcfd04a84cce9f391968e705,107454901,250396142788791000000,EOA
0x789b3a661e6a48d386a3246606fca9a8ffd1a75a,39564565,250389987259240000000,EOA
0x32fc89ea9895bf05e4c5086a7a7a48d622a0caff,52129607,250385424749792000000,EOA
0x36efd9914d30b16575429516bfff0f196062dce9,41559393,250385424749792000000,EOA
0x60662f562f0f06aff461a14526cf3b9344a947d2,90251294,250385424749792000000,EOA
0x77f228ac7d85bbef757a590872d43495b25d00b4,83117457,250385424749792000000,EOA
0xe810e951e0c8e2a2f78f8452584063a8654606a1,86022214,250385424749792000000,EOA
0x539ee70082ee32ce1cfc3cb69e004d8d06fca2b4,96336335,249956813036651000000,EOA
0x8d9ea09c1087c75faa39151557de6a30c2a49e7e,105297907,249007239817254000000,EOA
0xeda18bbf6d77a93ba70fee0d2f317bdd23032770,89494508,248170556921193000000,EOA
0x8e6bf84c3fdd45e60bed8ae233df200f389abe0c,78387769,247337835251594000000,EOA
0x01e0b9117308a04ac343245a37ab27b9a6545650,96504391,246408132650175000000,EOA
0x4036cfaba5f50ec243e00115a9cb44d75ccc0ec0,85916425,245164160690591000000,EOA
0xf422f95011045f1081f55baae030940802de6c2f,86865018,243899912411951000000,EOA
0xc43d29b87d2ec92e70de1ce30fcfdf58829e47d8,78769608,242832171529060000000,EOA
0x5af9c58d53e462ca570191c5983dd44bca3a3092,46551027,242335032356061000000,EOA
0x43491a9280d3acafc57622beb745921202c54ab6,36671834,242311097034117000000,EOA
0x8f654bbbb635e5601e237317027dca4f814cc198,42493951,240876351230079000000,EOA
0x953f55eacd3f8c6c9cff2bd95ef57aa2bcb970ed,81107052,240119622335050000000,EOA
0xe6a3b16e73bd666a699e9c4df286bff35b3e62b4,44933368,240047506448834000000,EOA
0x3afc8d62ff8ef01db6f6488373ce0b83e5ee9aa4,78777150,239651722791958000000,EOA
0xe6dbc0ecc6351f6f5e51b3b7320b041ff433dd4a,43014613,239054667976363000000,EOA
0x8b383f41e9200e65d711909ed4a9f3a6ec85df0b,91696781,239052673756629000000,EOA
0x5a4cccda8f782cd5b48f5a9edc32f6d282aca6d1,83464381,237769755123773000000,EOA
0x1c9674667d8468204452c52d610a0883e97c22ad,90393990,237749386149156000000,EOA
0xb19eb98df97ed9270001014f76764a7cfbb167f3,39501155,235848138601786000000,EOA
0xa8c49995efdcad8764e5e6ae1d56c4038cc00568,82392610,235263397022028000000,EOA
0xc3dd0b4d4e17acc7c51eab7bcfecae6b28f37ec1,98779243,234351257474371000000,EOA
0xf60bb1eb5647dbd8c5fe6c2bf31132bc61c309b8,86007322,233883692318408000000,EOA
0x99227152ed70a61211507af224c478d3c50eaed1,85274684,233484408579181000000,EOA
0xe06195cfb4cdcebf6997711952266105ccc99462,47732686,232480056634753000000,EOA
0x77b691dec38da63b60b4adb4c153a17c18e29ce7,80850062,232329003901920000000,EOA
0x203e4da599026388f421507db10b668c0b4da6ba,59345837,232191794188522000000,EOA
0x877c0dc8913bf1b4464169f950c2be477a12dc3d,37042817,231220941842837000000,EOA
0x8876b959a0b4393006449f29a2759b86bc5643c7,85916757,230879419681017000000,EOA
0xdc120a50c99a748300434fd6b590c8a26e486540,77306983,228047607667239000000,EOA
0xd6b97e042d03edbdc100eb55fbe43eb75f2e3036,47535990,224847001517755000000,EOA
0x2187d1c03c8d9aa8d9416c6ce8d76df94ed160be,83674752,224773085869944000000,EOA
0x3159bfbb1f89b363c24ead3aa5aaafe400269e69,52182414,224764524790002000000,EOA
0xe9a788dacd3de5cf4bee7ec2fb3cd36110825464,68439415,223179553293254000000,EOA
0x603a2531b6bab9666c77042b1da1639c9c5d1c33,82820571,223174792932313000000,EOA
0x99e8845841bde89e148663a6420a98c47e15ebce,98685965,222795445997491000000,EOA
0x3ee89c93c1beb2bddb5fe6de5026cdf5dd1a369a,89282067,222234690803963000000,EOA
0x9cbf432592a670193d23f8dd0f4d056d4531683f,20423279,218234176586287000000,EOA
0x3471c23e302cb6538921ec5655a0708781f9baae,43964752,217585128198421000000,EOA
0x5df89e500d14fbdc01ca39af9e76e76bc46c7a09,95911580,217479020805343000000,EOA
0xd6fd705ee0b31a9300d3e2154bcce777270cbb6f,79345410,216940787906138000000,EOA
0xc0eb757415ca14b43b47cbb0b7475306a5188684,78462829,216583515102611000000,EOA
0x01f55b5372ecaf891d1af44f9197361362e9e2f8,83017882,216247573991680000000,EOA
0x536a465f96bd5ed7b75076b43206d0287d2d6e84,81864714,215824303277721000000,EOA
0xcfae084c26582c38c2e9bfb92da7d54f842a7a5f,45169118,215473103174405000000,EOA
0x4ba5553e964df6658776975aa9760c372c6aa285,28767521,215111830873677000000,EOA
0x3e258aae11d7ea394b2eb1176ccd54d9eb83861b,85131397,214475396056513000000,EOA
0x3794a52e13e24fdd9ec69d2358c09960db685919,79606991,213952277986845000000,EOA
0x452bc1d9f91d35954e7e14d8527f7a5a9b26c0b3,46708652,213561324877716000000,EOA
0xf1b9686626d78df34ec873fbb3b3ad052280505b,31228152,213336633509739000000,EOA
0xb81d739df194fa589e244c7ff5a15e5c04978d0d,55836362,212933570811242000000,EOA
0x42ad84090c46469701380bec4bb01ab2545a0ce4,52424151,210284937652685000000,EOA
0x9e2b95cf797dea3ddc59f8d17f36f70a84d7bd72,80559345,208493080235543000000,EOA
0x8393cfedeae293797dc76c3efac027f026342786,96839878,207964153771068000000,EOA
0x7cf1cc99599a7efdfdc31deb1e7d1ffc2504ff84,99626485,207610871114941000000,EOA
0xbee2d469aacb46251ae33cca91f482e26c971dff,101351832,206753278697415000000,EOA
0xddec2683d394d51c2afdf3c9f93fea6db9a6547a,52263680,205942011856704000000,EOA
0x2d0ac7340daa19c3cada3a681ec56183d99ab29f,77874422,205640949630149000000,EOA
0x4a47096e0ddd4eed05ef00f0f081bc7700c6dd75,93595771,204882123979670000000,EOA
0x98771bba24d57af722b4b43f55e002df4f7d29b2,96340321,204663865046810000000,EOA
0xf1c925cd1e1c9771ab47d0d962343ada1a3f730e,40979025,203136602481158000000,EOA
0xa22fae0feab7ea11337391d02d4ee41ff459581d,38170771,202642856400172000000,EOA
0xae1692d8d045716c948b707550e91dbd2c55169a,86009949,201786317413318000000,EOA
0xa4322a26c0fd7a05a7f0af2e72faee27f808979c,88466051,200168499397884000000,EOA
0x1cb3fbb26b2e0b7c11396ce32cf230d80f481163,82609051,199752035869632000000,EOA
0x73bb129019992794002af6f53a86d671a4887901,84780805,199005155424669000000,EOA
0x7982398688c1a0df28f1649d8d21d74cd5a37bd2,26924135,198731573330791000000,EOA
0xcce5da775ff95c4ae988331d94b185fedd82330a,33125917,198265324694880000000,EOA
0x6d665459110077d7043403a47452a9756d71092d,89166896,197550094599641000000,EOA
0x4527c75dfc50a5390dc663f81b627c39e7b9acad,93219899,195720645473450000000,EOA
0x8a72c47f190f2118227a83da784a2ce45c54f484,95675334,195123389131091000000,EOA
0x16eb1deae4c4c32805da237db93771b4cb12416a,80569437,194185270124686000000,EOA
0xb6bbe5a785f6cfed3f65f2ba91ad20586b00f7e6,84569528,193167873114914000000,EOA
0xd6c2d981eeccfb96505235e074f2a640c1c654f2,42588276,192463939078007000000,EOA
0xf43ed2d56345e3101789aa6dd50232a2b3fa922a,83451574,192362643573295000000,EOA
0x84d0f74d21a89f86b67e9a38d8559d0b4e10f12d,107277740,192025531714816000000,EOA
0xcd26eacfa965e1a857f36ffc76c722ad83860635,35199825,191270601806963000000,EOA
0x8e3bbdec40e33a8a5b90bf56c6d2692088406739,82173138,191179728068955000000,EOA
0xbd1b3513bb0ce1529242cfb28926618809592362,77727491,191044668769868000000,EOA
0xc3990e3432891450c18f33baf8d2db53ae5d30eb,51843403,190902099331887000000,EOA
0x9dd897df19ffc27d6685e98accc394f88a73e475,87405674,190349016529549000000,EOA
0xe3c811c3508edd755bf3ae63a0a937ee604b6f44,61792311,190233913433886000000,EOA
0xb5a42393603f428d88ece3a7740443af11493adb,82829899,189775070078942000000,EOA
0xae5c1911a53c129422dd6d5bd6c8e4ee62789e85,46103969,189701146493307000000,EOA
0x23fa4be9954ecfa249b1ef5c027eb113542ac9ba,84806015,189650374153506000000,EOA
0x51f13c84b49b64ba6b1615e7d91b11066908bf3c,37432588,189254594718718000000,EOA
0x77c9dc116f3092adda6ee040b02baaeb985ba061,93329157,189159183292046000000,EOA
0xb2c171e6513e25e703edacaeee33f72a99964514,88349711,189065698745734000000,EOA
0x561601d349603ac8b827c893cb4f1f170c34bb20,77734381,189025945551796000000,EOA
0x59bdfb381ca2080d0d042903e776d3dcb548050a,82587139,188472306346573000000,EOA
0xbb9480fdb174063a2dedf31b50a4f06ae13ed964,45463470,188190543067756000000,EOA
0x470e2c101884d0686327547a7b1b96a5c741f34e,55850759,187935275689018000000,EOA
0x6673de59bd8887d015c0e8bd523e6fea2bf444a6,77613416,187789071422405000000,EOA
0xe3668183f3524f50d8f03e91c8810ad7ae0051ab,51778031,187660770543726000000,EOA
0x75274aa765789b4b55ebe2fb22373865efab4358,70453618,187434599052418000000,EOA
0x69344717556c64dc49a2ba36267a04efacf34d27,86838426,186018872836326000000,EOA
0x8098e9454d4aa286d5bb09f02a04200f4f3f5bc7,82363016,185005625814307000000,EOA
0x4060369598c9ceae3178167387a26b885381493e,102454184,183828474409831000000,EOA
0x61688d6b7d58520dd80871df266957113cd7fab4,55770840,183787786941776000000,EOA
0xdf098b48de8a7024d1b7c0f3f0b22994c3e0efe1,79493658,183766238847861000000,EOA
0xca60d9fa419f9859398a7c47fe2ee5396a4900c4,27684349,183105292422205000000,EOA
0x034b2fd624f4895fc932ed31ed63d8be06b82c08,40787158,182684107470299000000,EOA
0xa3fcd05cd04ba0d5558a3f560cc63cb2d89ba2aa,88246453,182121487899571000000,EOA
0xa51fa51788de0bc5b534ab4cba23f0329ec5512c,27810182,180923222622149000000,EOA
0x294c3c4f59b7a422230e59700bc0ae11020aa1c8,48035568,179973415988790000000,EOA
0xb7b570dc117b4946925bc39166418516fb011cbb,107559097,179625225457026000000,EOA
0x96942e59d8f8b5b92c257bc9c8e6c36b73ebb50d,42011362,179112990248095000000,EOA
0xace1ced777f255e01d6772422c7f0189da11d494,84907832,179060767968692000000,EOA
0xc875f257fae93bb9eb664b8b51057299d1527bb4,85604131,179007410734393000000,EOA
0x9a3583a868156435ec9174b6310729b741d4379b,79872266,178271197660694000000,EOA
0xd22f4c8e05339dfcfd927bd688ed9ebac84484d7,80057064,177987794746552000000,EOA
0x0c470f23b09847fc99e20b63aa9b0c3db13bacf7,87323123,177658093194505000000,EOA
0xa93242f0074ca8a20e4de93e69189fa4596263f2,84802095,177048140944361000000,EOA
0x097e600c398702046664935e98c7b0263428530b,86491502,176961380276929000000,EOA
0x35a3b416a837e35bf9d8da25aed655eb83b035f1,37518545,176156108664095000000,EOA
0x31426feb31a80bdf5ebf7150ddb1e437a3d2346f,68758873,175301252187779000000,EOA
0x83c0ed34e4b8d2a197b79a7ea401b9a37e1a90bc,81442812,175298049881036000000,EOA
0x658d6ecc9c9ad22e05492c93a68b88feff61b93a,91952919,175269797324854000000,EOA
0xc12a9f690aff7134f9d7ebe9265e78aff6ae8aad,82746658,175244254486766000000,EOA
0x006b855e1ce71d0163e41c17fac02fcdedf0ef21,81616425,174336019820175000000,EOA
0x53e213da8c28d85dc6663c3b5e35bb0ffbb05752,88094717,174129567345167000000,EOA
0xb18dacf8937dcd595ac19f3ca4390e5a411b2eae,44568160,174049140400226000000,EOA
0x1a9f7852501ca762c90addcdd880d28d897265f8,79786760,172869994524657000000,EOA
0xe78f10f68a5d552b8cbb42e03f36622929f78c3b,43535353,172657949739921000000,EOA
0xbd1bff03034ac340235e48ee35c85b1121b8198e,83607202,170581213910144000000,EOA
0x720d07c87123c203300e3d06454cc52642e3db21,84313380,170304220330600000000,EOA
0x88d5eb1993dd04bf2175f940e64fd49a90d13f8b,48664050,170272566198051000000,EOA
0x770aaa6828e3659f2d12d6b8ca999d34344385e8,82191928,169447461173886000000,EOA
0x275c17532103fd910f017f0c1e29c1d4ad45511e,98286704,169331312724621000000,EOA
0x4f1dcfb5d1634c1dcdb0f338e7a5a97f2be91e4c,86735539,168679705236115000000,EOA
0xfd812774a53fd61396665fc6e7e70df7e8cc91dc,83951361,168468754595857000000,EOA
0x8e4f81436c9aaaf156b692de4c91ca0c7b2a6e9c,77307157,168163497865220000000,EOA
0xc61bc65002390afeee22e207400f7d8291165aa5,35309498,167328383697436000000,EOA
0x3dde3ef82fd2a51d2d1c9bab1e5d3b6d62013340,93167470,166862009502028000000,EOA
0x5d9ac7a6df81b63d61e58facf04c60881f59c1c3,85378971,166032315922154000000,EOA
0x33122d38582daa240a652059d3da89c26f031619,91882509,165003994910113000000,EOA
0x259f1771abb4411efd14b602d9f130f0087aa59a,86739226,164992676844781000000,EOA
0xb92246136f049607423b4c986302d407aef91a17,84536339,164821641256005000000,EOA
0x9d2e29be44fb2c3d7afdbeb79f59f51224373aff,107166774,164725453433354000000,EOA
0xe2bb7e228ec855e018e50d5063511e9b19096dad,50830932,163495213020416000000,EOA
0x70a13e91621a580bc6773e8d27dff896ba6d76d3,89906711,163311662275931000000,EOA
0x2db5990236c68015893eebe6f817b6ea22fc6579,101512734,162821535698937000000,EOA
0xe5e173ec8f63820e278a89cd478126e13a00523e,79555491,161572074578308000000,EOA
0x77b25d61834f3a3affb6c4d101a34e605ed84fd1,78953069,161152452088452000000,EOA
0x87fc1313880d579039ac48db8b25428ed5f33c4a,95984840,160811648687868000000,EOA
0x9f4625288fb381f74285ba84230403ce4b8a6c1d,93744115,160197034469305000000,EOA
0x16ee89a6ea1ad44a95d296669254d3b170ef53da,58195627,160148238612478000000,EOA
0xa4c9ebea7c35b0d06cc48f07b12cc172ea2545b2,78032480,159007540108743000000,EOA
0x991b7ece25ab19745b33122b905b58453e3c3806,108084346,158702456182790000000,EOA
0xac93109e895a086cb8c6ca381b47898b39ba48ed,47039372,158689438642333000000,EOA
0x952f2c4b1a9c0938b71b9db486211fe90fa89c0d,26002546,158450318417243000000,EOA
0x5bc0aa095632c76da0be9838d960da9a66fca30e,83570089,158055200016498000000,EOA
0x0302f3434dbdee9d3faf680cba8a2bae6b34a83c,49519107,158029152804891000000,EOA
0x414d5de6faf79b80069212efa523c9f8e825702f,100868654,157538737419491000000,EOA
0x34ff77a853a14579d2120ac08c5e342cee08ad71,98049107,156490890468620000000,EOA
0xe0f1f6d9b57db098a1c786a835a55a1ff64d39ee,79805910,156266106838257000000,EOA
0xbfdf8646546979e87fc64441add2297c3dad946d,99108133,156218417161382000000,EOA
0xbc25cba0c84ac6a5747d487f7f2510f72cb9c4c5,82887962,155914690758293000000,EOA
0xc1bc773f45c95ab48abd8813462f4cc425176a48,32584519,155369426626182000000,EOA
0xab96cb3351582398616868f235958b068bce2881,95419592,154109779077354000000,EOA
0x486a57e2ee35c71dd83e6236f5c82ceef36b65b1,49635818,152829195960943000000,EOA
0xa09da1d479ed04d69b61ccb6377aa9c5c901d0e7,106100014,152297057334722000000,EOA
0xb26b4a4bba425ac28224cfdd45b4bd00c886cc33,85371789,151430769573812000000,EOA
0x2221a864c1a755e252eab6df314f8c102265d62d,50017818,151296035235191000000,EOA
0x205c465baf846518958199963900bb1b3c61e65d,79055968,150972459951515000000,EOA
0x2a254687f5056ea5235d41f218d7e3bb946dadff,28424194,150943823853173000000,EOA
0xc6b1345971f49b7164fd892e9dd4ba8f409172b0,37386472,150851731325075000000,EOA
0x8ce134d810f5361f3d4bb0707482bcde92c26777,82180477,150411072122381000000,EOA
0xaeded96ce60189dcd71f469477b56a66a14eb8c1,30112435,150400232985074000000,EOA
0x58e6884f4c0c5f8114854ef7322b4cf03086f1fb,84451996,150256346936819000000,EOA
0xd0561bdfbff0541be8526b84cedd805edf22d208,48698793,149970986509208000000,EOA
0xe53ab209a541c969cd979223d347f5000b6fa3d8,99061392,149431594186653000000,EOA
0x0fbc96775986b531196969fec6e4fba4f9c5e961,51885805,148745816715996000000,EOA
0x9b2e1e038ac345c7d8b71cbc42ca8dfe1648dcad,90285261,148640869888204000000,EOA
0x2c9bdd583e515eb958cb60ffe663b3acf16412d5,86740563,148511833031571000000,EOA
0x8a62a0e7d381fe89287c3812996449507ddd5b35,83638265,148171723291829000000,EOA
0x7e1e1c5ac70038a9718431c92a618f01f8dada18,106815267,147980426426508000000,EOA
0x95689dfa2070d38d15e43878062dc0fceaa89b75,84506795,147352510737932000000,EOA
0xd50ceae3dd50a8de3a0766bcbfd8e6c41979b6c4,78045469,146211353376599000000,EOA
0xa4dda080e000478eb51c5a9e1122f98ca76ebd8e,77218515,145971216220329000000,EOA
0x9f5c041240e185249393e94dfebd0ebd77bf9df8,82874077,145503014996791000000,EOA
0x0f5c8334ad94cfe0fdc3851529b09a23f596ead3,77693177,145120351847549000000,EOA
0x738d2cdd143b37ce542cf88a43760a44997b4c4b,84348668,144698223305899000000,EOA
0x4e7e322cedd9c7c4a80fceb01f6a1e8b872a99c4,99782764,144495777200263000000,EOA
0x460501463ddadf0b28e1b396f20e01df83a68274,42111129,144395087739292000000,EOA
0x7633462869e0ff24f09acfc5d089d2399490fdf4,82958808,143971619231130000000,EOA
0xc51d2e81aca55b23d3ce089169c77490109edebb,77491485,143841703958930000000,EOA
0xcd7a0680c14b13618bf119ff899ed10ca4dbcccc,86177293,142731974989485000000,EOA
0x585fef5c0c5f6ca8c3f64d9c802931005239d33b,105557050,142133799843879000000,EOA
0x59e2ac9bed21b6530df70f08a15f3d3225fb5bb9,26658599,141678314352202000000,EOA
0xde34a75c7950a36f34ef7c22f1ef1c8466901f2c,77403642,141506566277575000000,EOA
0x2de26bfac302a1aa48d01dd10a3267aaea944629,38015907,141354334364708000000,EOA
0x617cfa61e14c0373e79d58660bddeceaaa2cd0f8,84874275,141314664158493000000,EOA
0x79653c4fb5ee639172fdbaef9a67790ee9e8b752,49402083,140983547554191000000,EOA
0xf56aef252bd7e7993c9c10dc7d49565a7aacf462,85678883,140753695480192000000,EOA
0x72c2c890625f7e2ec82a49a5b0d6438c36fc1bb5,92712021,140061486524855000000,EOA
0x635187ca2c18ca7fcf87bb36a0bb7f9ffa4da21a,86739059,140013293913181000000,EOA
0x69bab6810fa99475854bca0a3dd72ae6a0728ece,85983644,139833935380000000000,EOA
0x05e5ab383f3c2d423cfd118b83420261ab0990bc,96335618,139763032054701000000,EOA
0xb7b1cc940cc88640089028d4910de22e39e6d117,85074113,139549052062012000000,EOA
0xb3da935d382f333ffef808fcef3177397ecf54eb,79689926,139484402309532000000,EOA
0x11c3946dc1b186c2e8cdebbae4527b418a2395ee,92784174,139181540343581000000,EOA
0x8eb3e91cdb937941bfde3673151b1980bca062d7,38876740,139032608158206000000,EOA
0xb0b4c20f7c56df87bc8ddba04a570b178a1b5458,37966988,138540274482486000000,EOA
0x59d5568283d4e1579512eff6573fb570e5d2ab60,83581414,138307056106584000000,EOA
0x97f16b00d436fcd49d5911e68002f1cd4d5e47c5,46709453,138188056494417000000,EOA
0x246d470080e690f957d2590eee207f1427429bb5,85752160,137955768068471000000,EOA
0x46a5885a57ba6fb1e15d066701ea3e6147c7ca26,81412483,137711983612385000000,EOA
0x588799fd66bf71bf9528e58d0ce0d0bd7681ddcc,52174217,137711983612385000000,EOA
0xc6dc3a6d3f05e2c65a5f3e901083bf6124d3628a,83102088,137602440708367000000,EOA
0xdfbcd20078b4346c185dee24d143ad2f98956ac7,96479024,137364441166341000000,EOA
0xeea5191013e2e03f3d235f40d5746e98cf16bea5,81628067,137211212762886000000,EOA
0xe366f6fcb809bbfe6d1522edb2bcd2fb897557dd,54983977,136784937439891000000,EOA
0x3360b113c0228c3c57954efac9a25476e2e1c0ff,80410708,136271015492950000000,EOA
0xf42be2aa2e0b455df33164df69d8e8b9c6308cc0,66585172,136064479034877000000,EOA
0xdea1ffce140de700b2b383cda6b05c2bdb57d049,38441833,135612351255033000000,EOA
0xc8cf6b03c2aa80de2579df02aa3bed1e716e1680,78568824,135175945859636000000,EOA
0x46b830bf2c258f5a7db64eb9a96706a91132715e,93451639,135043081927312000000,EOA
0x65b5d367a4be2fc118de4bb3284ed6318246b328,88585069,134378396746459000000,EOA
0x6b51ad7adc0164ca2669e02b940f339092341b0c,49605107,133704125847122000000,EOA
0x7c434cfc929087dcf383d723b2143e86b189572b,80029279,133609142465926000000,EOA
0x7c336be27c74c809d684974cd7c40af99f97b874,89751924,133523990513195000000,EOA
0xef3fea148b4933a9d8716842e093aacbfc96600c,85848906,133502699660173000000,EOA
0x3685cc047af48fd228b924a65fb14da971254399,80084677,133446175356145000000,EOA
0x4607c78eec51b6a82a6e770537bf1c4588a252c5,52297046,132951481900639000000,EOA
0x6df17656a08553de3387067b4606df5c00e24ff4,41889473,132916746826295000000,EOA
0xa8f1792887cf4b331a08c3e7c0033c945a07733e,86474934,132250417923445000000,EOA
0x0f7dff0714b209a6549d778e5edba1d7a9b66b28,83899757,131713087464058000000,EOA
0xdf8d2a986dd8998148893b59fed435cfd8018527,21882328,131558063014185000000,EOA
0x36fed503281891b58e44d4d10aa2260f352e6fc6,33208242,131495188989139000000,EOA
0x1501a02b50979265842e5a38bbcda58768e5ffcf,83024442,130404382798594000000,EOA
0x1ea48c433d9cb36c1de7fdf7f8cb9b3b6680cdc5,78529506,130370682958722000000,EOA
0x476ef21bf2a28e59a3605d1854a1b0a4c87c5296,31867223,130170371036040000000,EOA
0xc162ee11ab58f9612c9342b195d6a839aa6553e7,43274703,130003362928308000000,EOA
0x92cb71850aa43263ebaaa1e0ed3e78cb984915ff,39374027,129961293712368000000,EOA
0x2806b72cc5a241b0b0c458356d4f1a58418817d2,30783821,129284910883230000000,EOA
0x6921b40068d90f9c399e2035878d2227023bd03f,48180377,128774266359993000000,EOA
0xc3dcd2eb5d52fa4a870a69e63350ecb1248066e0,84348205,128672852081384000000,EOA
0xf5659d33af64b5b987f048a4ba7cfca1c96f7f7a,96733721,128531901443527000000,EOA
0x110d5a12034ca702bee513b79a33267e2be1b79b,18816773,128381499306458000000,EOA
0x9aea42f8cedefaf8b4ee704f8bfe27247fd380a5,33500065,128244851319306000000,EOA
0x1778da84a0580e6ee14a31f2255ca55ebe5b4094,79544464,127723365663590000000,EOA
0xff3337af986289fab8d51260e7bfc40102bb0c72,106181449,127677650718657000000,EOA
0x2b5a0be5940b63de1eddccca7bd977357e2488ed,96337789,127428293846046000000,EOA
0xf1048b7e1e861153edd122cc10e27bde2b88817d,40673770,127274501172882000000,EOA
0xe9c73c43117fab6ec23296c65ffb29ca7ed0b883,44915875,126779419983365000000,EOA
0x167f897440cfd5227f22349779841f83ddda126a,82626827,126709831927145000000,EOA
0xb0720a40d6335df0ac90ff9e4b755217632ca78c,97972628,126641985912849000000,EOA
0xc0aef1759a279ced58223f34e0fe6426610b1bee,86738500,126630090704177000000,EOA
0x11573e51f776160d5fdbf6b2ce2249a754c55062,94943999,126299178587653000000,EOA
0x12ef58947285f01ce8d8ecd90b3ea384b022cd1c,96440617,125818675936770000000,EOA
0x3d045f52223a9595fb18377b6ca7ac8e220ab35a,96343104,125818675936770000000,EOA
0x8fe6d26da24815749aab914d37e5a2dc756111de,96457782,125707496544814000000,EOA
0x6d06856e012e692e3238fe73c0f48857c11cefc5,96409942,125671705707956000000,EOA
0xb2ff5b8a05b43749b1307215c501dcde0932a711,84024134,125347553749583000000,EOA
0x26097f8c89aa9313a96ad8a851eb8e1c062a12d3,48920095,125277093070046000000,EOA
0xa99295cc93a729b8e224447248d9ae33384cd975,83625107,125205231646133000000,EOA
0xb136d7643a612447eb603c051c193fdead1e0e37,103836350,125192816359140000000,EOA
0x88f81b95eae67461b2d687343d36852f87409a7b,75002952,125192724889395000000,EOA
0xaf676a9364d841d0e70569560e54ded236841196,90987124,125192712374896000000,EOA
0xbcf0fd9c42cc8cb2060c4930d2c1d277f18146a5,85693363,125192712374896000000,EOA
0x04f34aafd1cb080f5ad336532223c3a058b3f0b6,82669445,125192712374896000000,EOA
0x0b81747f504dfc906a215e301d8b8ad82e44cbd2,83688873,125192712374896000000,EOA
0x14db9394d9173a5cd65b4dc4c6de7d0f44dd9b78,47142210,125192712374896000000,EOA
0x382488466990e39315d4f874ecfb660952aef659,78117514,125192712374896000000,EOA
0x3982fa9593379d5714d5a3faecec1408cc907eb2,26002575,125192712374896000000,EOA
0x40de3093ba71e409abf60b6d9d51cd1ac4e0d8d9,26473842,125192712374896000000,EOA
0x6fd5a849cc4bb26fde7737395e3b4a91f3b78a5a,84894377,125192712374896000000,EOA
0x7d7d7c915053a74dcd4d565619b2eb36eef6220a,82534472,125192712374896000000,EOA
0x82e65918d19b1723c6367d1d5226d3713f38c3ec,81713027,125192712374896000000,EOA
0xb728311c5557f82050cda1bbe98dff6595be969a,82150899,125192712374896000000,EOA
0xb9301c0001065de513aa0cf1baea9efb58a2e775,82425358,125192712374896000000,EOA
0xbe98009cd2585d6a3a7cae6d4db94eae365429f2,85120073,125192712374896000000,EOA
0xd3fe68d8b606205eddce2d9a6e5839e82ecb24eb,77421525,125192712374896000000,EOA
0xe9a0271b3c4de3cd1d12e72b5dcab9ea462b455a,78245613,125192712374896000000,EOA
0xf62bdafc4cb3808346c5854c0fd129f2a22c02e0,106186491,125192712374896000000,EOA
0xfbe713879a1de3338752f2d9689b33b930ee579c,82616280,124201123203553000000,EOA
0x32844a824f458f24878515923f1fa120b6b711f2,52393675,124042524445449000000,EOA
0xcd79272e57a870c0b1f69a8c840244364c4a0260,77011222,123090226587522000000,EOA
0xd131f1bcdd547e067af447dd3c36c99d6be9fdeb,97462158,122908757254785000000,EOA
0xf7df8ece3d8b7f91e3bb7d1fb97b4d58cb5ef2cb,80320446,122458239622745000000,EOA
0x2b72051f378bff38c63c286f4b5031a238c132cb,48901801,122196071324123000000,EOA
0x9a192d6c5b40ba559bb8bffce86735a809247be4,85259950,120636660600549000000,EOA
0xee00824f08a92f51b230a12ee84095dfc9c26d2c,101342550,120619257406859000000,EOA
0xff1f77f1e34a6edd463c8bead6aa60e16d10a800,50104108,120314437773789000000,EOA
0xc723b407673e10c3614906b39e72c03a2b3fac9d,38041796,120156224758098000000,EOA
0xe1c23a613fa6a6a8478774bc321a88da7b2b3c90,102720611,119093722034332000000,EOA
0x83a76d3d563a57b3ee7689232c3789e64ba71772,105964525,118920371928631000000,EOA
0xfb2bd8d67a5584c9aa7941abdffdef68e1cbcc9d,80525274,118869385074846000000,EOA
0x5f4a5e69248f6580c438b31aedc648e518bd9828,106159263,118666123160276000000,EOA
0x40ac62d5aa80ceddab0de954c29bd62c75d514d2,86005496,117595079266340000000,EOA
0x8061c199e4ca79812f2ba406ab212bb5a9d4c8b4,82088608,117326771741190000000,EOA
0x3c3a891d1a0885e3e96bbf98d4c540f2e39e1c25,95264725,117100949272638000000,EOA
0x7c62cad00147fbb276d85671b47d821d650b838e,26452099,116999485012229000000,EOA
0x96c58ddac09e6cc996fc9340dfa8164f1dbcc46e,77473969,116727428004850000000,EOA
0x4b7f5762f5ab05fdeb8de0522154beea46873649,90166809,116631644890368000000,EOA
0xc7f14dcb4a84194c8f446604633904c51007c9c8,82991170,116347929584577000000,EOA
0x50ba55bf41580f0ba7df31d9d20b129e6d2df6ae,93632505,115681199173404000000,EOA
0x73eb7a4756ef34b903d8f0d320138fa4f2e4ec5b,97707915,115447650527689000000,EOA
0x3439c97580970b68de47d0d4b88eef42d29e488e,86198613,115300387149513000000,EOA
0xf377a582875a0575d5c3d4e1c0424911a3e944f5,47816249,115248458682810000000,EOA
0x7d13cf5cbbcff7e486fdbad944e07b2986b543e8,102090039,115124587009661000000,EOA
0xd99ab8ec724407f94b494bf92b009b57b92f849b,94783122,114963019907914000000,EOA
0x58992e3bc219538ab58b78cdf85a6b09cf94bbd9,92777304,114848927546697000000,EOA
0x8ff0ce7655bf1aa2d21baff4966991a74bc5a550,49124990,114837201646788000000,EOA
0x2b1dca931a725c2152792b5d983cd2df39660a16,45496609,114789153133981000000,EOA
0x9f337253f1d04743142af559287fbd962db362af,91283500,114782780542797000000,EOA
0xab12253171a0d73df64b115cd43fe0a32feb9daa,84926260,114520050798877000000,EOA
0x57fbf388a5ebe5c52b6dbc996c84e525a67fa104,81363219,114482849681784000000,EOA
0xebb5b8541fadaba764937eca529fdb681bcd25dd,47068260,114403440061778000000,EOA
0x9428e55418755b2f902d3b1f898a871ab5634182,77912977,114123694648746000000,EOA
0x118c0c8b7c4c227834b90ba4f3e0fbae5d877044,94137984,113978603587830000000,EOA
0x349800ba5a93cf51488ca9181c19992cd97d3b83,78881851,113648987943252000000,EOA
0x0839f5c6cd90fdf95de496d0196c1e6016954c94,85437523,112575364929903000000,EOA
0x543275caabf55f56b2db82ea636ff0c6e8c6466b,77835113,111855391366159000000,EOA
0x7fe3c5ca27adecb9b6e641b6c8f776400ea1b97a,81672573,111490181005324000000,EOA
0xbdfc47b9ad740b4151935680b6ca0b3d1828f100,83240830,111450617379055000000,EOA
0x3f43a33be58a84bfca084d25328af4ae41678620,88106026,111282299717496000000,EOA
0x42dc6b189ca9d942012a73780f25c922696c6f63,83589763,110949770567305000000,EOA
0x6586e6d49ce53f4ef95247d7cc7e60caf05e9b15,81723221,110381937199014000000,EOA
0x15985f5386f8221c4827275acf8f0a09e9de35f1,95097599,109627459401110000000,EOA
0x40c3a9fbc5cbcc3910d191dac938c8edec0e768f,81009335,109467400447180000000,EOA
0x1f1d0845f71559b06b047d5f399fb39d52a08ef8,82464367,109361764202798000000,EOA
0x7132b5edc9ee267c58d3562d3e621384b18da7f3,92032111,109311849672210000000,EOA
0xcfea8f74027ec8fbbbec544e89d0b1e4b3683295,87516296,108990767184801000000,EOA
0xcc1e0a566dbd10869c071c811aba436357858f05,96297952,108794587244855000000,EOA
0xe120be880d79aded4cdbf6f2f9ef880987c82dc8,87423047,108790456727582000000,EOA
0x61d7ece32854caf46c6304fd536704eacd4da256,96004761,107768135064492000000,EOA
0xa394a52f4e77f692936819084ac94748ad34bccb,83981093,107288683849514000000,EOA
0x6dca0bded4e02d9bc38b3d795a16f694200a6a84,83756681,107209296068005000000,EOA
0x4a74a654f19cf2ea32977512e90ce68956cefce6,89725919,106569942681786000000,EOA
0xc7ad881c1749cb51bf6b34987c841a7117675dad,78109499,106391280268656000000,EOA
0xb8abc49ce1ba5feea6de3a048ffb86dd1719e8a2,97288270,106359959106461000000,EOA
0x4d4c6fd38104319530f23d7d3afd651a37e082fd,93896542,106254663304438000000,EOA
0x424c6788f8cae36bb2f67e18f35419cadc1e0288,77441677,105667381875712000000,EOA
0xf1ffd339007c480c428ab6578a937355b1d7c633,78025631,105509343040315000000,EOA
0xcac552cf04f9631a212a9cae6dd065718c52e66a,27267808,105278054713078000000,EOA
0xbb33eef2560f800d21539a9d80811cdf05f79fa1,37773803,105201226142079000000,EOA
0x1f86e6e3644fbcd2e4a4e2362f152d3deb710504,86563495,105014230679456000000,EOA
0xcfdd6663018840621fa812ba6043acb5b1fa29d1,92920403,104867892090063000000,EOA
0x908c65a92b42a3dd28467c11b98ea55a76058da1,83648215,104771107819683000000,EOA
0x14241dc8d4761b0c89e47115ed8955dd8cd8526a,46912261,104721801594723000000,EOA
0x8c8868c77e0546b34f196595f0e727bc1add2e4d,98777722,102953042081022000000,EOA
0x2817649f4813e7b854e8c8b57acc0d13f2ed2ffb,85121302,101246385650816000000,EOA
0x2c123fc5c27888571cd525e8ae9b0c5ff848386d,80302647,101101113867718000000,EOA
0x13b8d1f989536d5412da840c58ec8640636a4dbb,38859640,101058050070775000000,EOA
0xfe39cad7a05e16ee9fcbb595b6e94e40203938b9,33875939,100943201809073000000,EOA
0xce73da15464f5ea4a099773aafd3e0afd63714f4,84418928,100688898852887000000,EOA
0x58375a7a1a718d97fafb80c3e142cd64a4c4a8ea,76997892,100321996574777000000,EOA
0x508146d72c8e32e1ae342fb5ba025ceac2b1d205,45746867,100301520745198000000,EOA
0x3938c28aaa4bcb0b20f0c0c8e25750b1610e47b3,45176211,100245533306389000000,EOA
0x443eb1f18cf8fd345df376078c72e00b27e3f6a3,36247956,100154169899917000000,EOA
0x8f747eb4f5e4edb0702fbadebe2da915af91fd90,87818554,99633108385929100000,EOA
0x4742b30f35035c666c5cba2e8670052b179e0404,79827197,99524918649310900000,EOA
0xcc62deca03f5054346729063c7019310a4cae65d,90230869,99299009107118200000,EOA
0x0f28ddd210184b8fc1862a01826191d9986dafab,82304737,98342794446629700000,EOA
0xb028607975b012defd2d8f4bbd794cc679db3e51,45988413,97682281854664100000,EOA
0xf572035816f3ae6b6c600e6e549532a0fe6588e6,86004106,97661081963276600000,EOA
0x6cc029b230dfb4a1c075c96b380e356f4815eea1,81232420,97274737515294100000,EOA
0x41f45986917a61ebcfa0646e5cd88447afdf658e,77567243,96773966665794500000,EOA
0xd5ba22c2323f65616860b0521eab5929549db4d9,82942170,96425385387646700000,EOA
0xf5ae09413941aa09c211ad7a745df4864151336d,66375412,96299274249861300000,EOA
0xbf67301237b0e5474de03f907969b7343d001f38,80739877,95768997543619200000,EOA
0x040528e6ebdcbc6e37e3c78350de0a59aedce622,96679009,95690145288961000000,EOA
0x7cfcc6b6ffa7117267f49b59984ae50026b9fc44,61007484,95593252857137200000,EOA
0x968fea58d680060ca1c547884ee40a02a8b53c23,38531569,95359076638951500000,EOA
0x494e297a81c48ea5f3c3bfee5c59be034ec9ce99,25281059,95260521076660800000,EOA
0x86e72ceae5d2519216046ba54c81ce7a1bc3d939,38635700,94868189678692700000,EOA
0xab9335ab722a7beba43dcbe15d8b8e131e82f63a,91381512,94553468489959000000,EOA
0xb7afac3f551fa6ebc2ef896c41ecfb18e35f1b01,84133991,94473628864353300000,EOA
0x3cba28d441bb33bc2630693f01c78523144e1108,78588108,94395305130671500000,EOA
0xce8fc6755efcaf7f85c28901bca4f4b936591542,86774226,94334423966715000000,EOA
0x6f6634b2aab01df7f47f615fb4e2b876bd3ae5ea,45945647,94260773297219600000,EOA
0x005f16f017aa933bb41965b52848ceb8ee48b171,85684108,94107695744125000000,EOA
0xa219712cc2aaa5aa98ccf2a7ba055231f1752323,98352637,94107269966745000000,EOA
0x439511dd6fc762fe28bd015d68157ea462ceb88d,93958152,94079520496776300000,EOA
0xda70842eb493ab31d8c042b4427298ed490a74bf,79861489,93796454470110600000,EOA
0x234f5ddb3ca32e23534260bfed61ef150b31e2eb,81515662,93488650594118600000,EOA
0xb3f876c9972339a1405346b1a8a27204f0bc154a,52386597,93439203365654200000,EOA
0xc62d8e3eed91c03463352b7434670b1f4e6064b6,41321209,93199188032090400000,EOA
0x6ac511b5db18821b3a40deeb916fb763c93c0799,84814624,93036120575906300000,EOA
0xaa43863086e4f6851125ef532a7214d84c0ed08c,83180068,93004513118361000000,EOA
0x6d7b212d1c91e735a2d0c3cca20074c4285e8a44,90912327,92813199368846300000,EOA
0xac4f43d8df62cc179e9a5e2e02b39e2b2f88389b,86142296,92667925684282300000,EOA
0xe025ef5762eb51da342419b247da1dd9c396c2e7,83820623,92661954047429200000,EOA
0x956d266635b0fbf1b6bea869c0d66e4941c10106,81155954,92373734254890300000,EOA
0xc4a70149330858cd0f085e4cd81c10745c9130b1,87509056,91623747078356000000,EOA
0xf53f6414842213b8c9e85972d07ed68e253532d4,85109151,91515872746048900000,EOA
0xae1524f684bd4b5d79003aaa4499590dab81d999,46133519,91381199877508200000,EOA
0xa00cdde1a3be699d373b9973602b10f649d49e65,85322086,90952093426464300000,EOA
0x3caec1b35c38fde81b58f4beef61472daf3b8f68,103362641,90877766190667400000,EOA
0xd10bcf360e201d3691215dca25de310225854641,50864250,90779705506877900000,EOA
0x717f6203d68b8914d2c247548ed093babc1812e3,46133793,90363099196701300000,EOA
0x32a59b87352e980dd6ab1baf462696d28e63525d,84028350,90146431518148400000,EOA
0x66fe8b1c760cc8da2f2dddf1c7554a3c65ce8b56,93921451,90078335393372100000,EOA
0xd43a72d2212d8c285299f2b2655f8ccb946e9d8b,95294829,89925177311664300000,EOA
0x5eede1c45e4401d7d95e55446dad71b511328534,102478157,89920448690363500000,EOA
0x7441cb7d4940ce9ecd8738a44afc7b94a089c207,52274003,89724989819399100000,EOA
0xb2ed2b7a5f0cde22d0fda48779230a17de6ca633,98436714,89461381633142800000,EOA
0x61f3fd6947ef9a3b2e62e64b71a3e082910d273a,77822325,88817910537105900000,EOA
0x8a4a25d8f5b28b016f4dd01dea8a1b5f74dd74d1,78348493,88278313816543600000,EOA
0x9a2146004a6bb500d8d139c6c22b81453c7a7aff,77503071,88181587893705200000,EOA
0xb646c5599d7d0399d1b83ce1b0e809b646f46d41,63052262,87988326091152900000,EOA
0x119cbec59eb0bfb89971fcb96e3b1cad8a66e2d9,90295010,87690226794424500000,EOA
0x381196947057d972f10c4c62ba5fef88cc69b092,18759651,87634898662427100000,EOA
0x47fbe8c4cdf81419572e236a93931cd6cb1dae45,82920942,87634898662427100000,EOA
0x5890efb07d3900ff15f353b72fddc48759356290,26733257,87634898662427100000,EOA
0x5461c09d7b61e4beffcd782dc333f102ed7f6e24,90326924,87117354997803800000,EOA
0xd62b13e56077e12905fb4ce9e14c2405c0b8a398,53680342,87062558804602200000,EOA
0xf525d3a6b0fb8b9fad73787ab62a4d1720169424,42576115,86698746215105800000,EOA
0x93b6272cfa3287065c21cd2718ce8a65e4677cc5,82141111,86281991734813000000,EOA
0x6d6239f3e39fba103480a2926477330ae02c0e60,52224857,86089667287015200000,EOA
0x86c7e05b935ec835610531ae5c716e081fabc828,79943221,86048432557246900000,EOA
0x4e36d25114edb822900baf3bee7792bd70b92202,38132008,85198916827509600000,EOA
0xdd7d00758841872f8764a0d71a53a04b57f1cb90,24367625,85179123915931100000,EOA
0xab8c1b2471308773f1ee07ded9fb79e8ddc9290d,80341017,84502202701153800000,EOA
0xed081227187d21bffb62481c75d8cc479f782ef6,101201410,84288436121236400000,EOA
0x4f2769e87c7d96ed9ca72084845ee05e7de5dda2,81588566,84241860747791800000,EOA
0xb7375b91561dd350e558eca5b008f6c4ca0edc1d,84905858,84163330852347700000,EOA
0x202b95180dc3123045b027207b9d6889dfb029a8,84788538,83902871193043300000,EOA
0x3437d6c6e251b18852ac520e5e3b6552f12877ec,46482174,83530650737884200000,EOA
0x5a041cc043de66d89b5bcbc35c8c233c22042303,39985796,83524679176623000000,EOA
0x03188444e0ec5e63d99350baedd479ebcab82f63,54096808,83429987187567700000,EOA
0x25d1bf185c0ffba4a0f89a023f989c5788f6e909,81245664,83319488586531100000,EOA
0xc92d60af8001b1070ce40337205af18a0bbed142,85147820,83142239795013800000,EOA
0x1d0cded12abf148ecf35ac114cda38aee8f82cd9,50086245,82822118439921800000,EOA
0xd95a49409529b1ee533c9a1166c9c669f21722e6,106537195,82542718747136500000,EOA
0xdcf7afbfe70812c6622bf39cd9800a0b2e6eaef1,79031699,82292289074307000000,EOA
0x82c308d8ca08b3a1ef8bcc2b1e9a50e6fea53c2a,82993333,82222631612661100000,EOA
0x2d72615eb327e170c04db057fecd5f9a6bc059c1,69811077,82033790645205700000,EOA
0x9f920a8c3307625aae5fd7e6647ae8a15d959092,96574766,82019004742163000000,EOA
0x3fae23168f8f8d79bf3d24cc64bf34f2399b8715,36074953,81961217979848600000,EOA
0xacf3557b58b5d5873a64b07872ac287d3df2ed5e,98626445,81877047353695300000,EOA
0x3b94a65c94e60625c0ae3eebed48c3939e0a778e,98390109,81748200182752400000,EOA
0xf9ebe622b1f4a5857598c36c81d0caf5bd396715,86411597,81598776284034400000,EOA
0x54ed66559c1d1aae9ed77e6487aa6d676613da76,39059090,81577873607646700000,EOA
0xf902843e82773842aedcda32902343311b26d95f,84937593,81570533134702700000,EOA
0xfcd58cffffbde2db16f9cffc0ca653f3310318e1,84722658,81403604663986000000,EOA
0xc55cc7c68cd726019a9e8773a3498dd09a96b5ba,96454062,81375263043682300000,EOA
0xfc77577d39bac91d57956338e1ba594fee603dfa,55179562,81271239158149800000,EOA
0x4c1278727b01440dcba7ef9d30cc959eb9fb49b1,84603015,81017820415467100000,EOA
0x8488f05bb8ca83e5db101e1fd06e3066dc4a12f8,46457221,80782263478194800000,EOA
0x73cb48cf053b3c50dd61b07d86617fdb8c070d25,53927812,80585024475097100000,EOA
0x442205df6821e5fba901c612180cc77e219f4e09,98178165,80519114400327700000,EOA
0x2d52f7bae61912f7217351443ea8a226996a3def,78016214,80492921913923400000,EOA
0x753305d80b1a7f77dcddaba1ed4ad3b67eaa9341,81227335,80346704464215800000,EOA
0xc28d464578b5dd7f740ad29b1d29c9d72fec1710,67744367,80345657884510700000,EOA
0x23e44614d00fa86b1642df1d1c1a624bf4743a23,53845615,80211292829983200000,EOA
0x2bf921ae2dd8c49ad4362a78a0bf2052a054f57d,104822877,79931884627531000000,EOA
0xe889891cb8a28420ebda196ac7b2bfd8a2821b86,34161733,79741833788635000000,EOA
0x7a5509e03b1a9d75a4106900f5a014888833dc91,94898379,79699665993020800000,EOA
0x521f4d5649726836ad4273cd0741e2edde1fcdf0,33173275,79479287922310800000,EOA
0x4220d7449f104603a5649f11f5550f63c8120961,99674736,78964287473485300000,EOA
0x77b6b633b697c366a7bdd5bf53244b2380efaffb,93326483,78917214730240400000,EOA
0x82f0faf0be032a18726d5b836d5dab93ba878421,85147736,78842010441826500000,EOA
0x1f0e14fd20a5a42362731fa40112ee3de77c4330,85058743,78632383111788600000,EOA
0xab9497de5d2d768ca9d65c4efb19b538927f6732,42557007,78589735230798900000,EOA
0xf373359a8a2d828a7b165887d2a27218fdaf6200,108091361,78434824002226100000,EOA
0xc2119cd3d469afe92d42e8bbd1e2d16e65e85d01,83719575,78247355985711300000,EOA
0xc4a6c6d69d95a4d36377e3b1b653c7f584709932,91367512,78051396530128800000,EOA
0x5cd842fd9bfad081d77601b3b55dc38b01b27b4a,85581029,78049427813557900000,EOA
0x3351b913d9b37abbbfc057224aa38547f485cbed,84812349,77986953046578000000,EOA
0x49ff60ca636fbdebea1319dd66934877aa4f8755,96350625,77738758324879300000,EOA
0xb6a312b525de98cbd6c73a63e46a1e9acb835c64,87326436,77489547252985100000,EOA
0xaf62a9ba55c096858a02490887cb031bc35f5cc1,40372122,77072308833557300000,EOA
0x1f2868bb2330c087c49724592aaa8f89097237cf,53548326,77050479688441300000,EOA
0xf1e34bdc4d2316f27a5a61e2d5679292faf67a4f,86389934,76813737994378200000,EOA
0xa271fe52eceee452f619a4d90273cf31209f43c3,83787990,76567900325443700000,EOA
0x3c7904abdfd5974397b6f818e95e50370fc5ac81,77614273,76053739828407800000,EOA
0x00c1f22da90f16ecc6a083bdc4904de725436ad0,27867463,75821517499020200000,EOA
0xc0a5cdee2fa8cf0a48127aece1dbf82941beef8f,36377356,75739672916073800000,EOA
0xcbebaf3df9ae3b48d0f25de3a97cbbfe19c77a1e,33673330,75527096992270100000,EOA
0xa4fef58fc4f06c6d84770e1dcc7febdea30fc1bb,24801357,75469541660718500000,EOA
0x2dfddc72b4a0b6027282539ed22e6239268c1cfb,77748358,75199013950853800000,EOA
0x209fa252bfc56993897923757262b9a8c2a379fc,48637561,75115627424937500000,EOA
0x97eda3c9f1e4c7ef743b552ab687aa49fca804c0,96342918,74939916348206400000,EOA
0x9ffaa816a11a5e36ba911f157cc8d0734cc4ca2d,41689793,74916994377727600000,EOA
0x8abc3d7c9547f91efab69e2d2283c13039acd27e,86379638,74885149476486200000,EOA
0x622367ce9f93e4f345e5ad0ea20bcf248d83f51a,95792610,74876187812167500000,EOA
0x1d0a4eac1a9cd75a7eb1f1acb019712296519ae1,87424815,74025304414423800000,EOA
0x251c891b056c10a60c906675658b8b67646c69fa,44812234,73468725132599700000,EOA
0x0076fcc7d245f6c7aaf07238adfb48adc62bdd55,79871127,73465534623475900000,EOA
0x94ce1d981e8d5e4472056949a07c7449e9a36f52,96376637,73459703418354700000,EOA
0xefa3211261ad3c43696c6cf02c0444f7f407b134,77903228,73252012468065300000,EOA
0x39aea1ef657fcd7ba5582bfeaaf799f3cd45accb,44024522,73176939215764300000,EOA
0x6287bb7c2dc929943194f54b4306720a8eed8e0c,29845277,73121156068775700000,EOA
0xae3c0d48f8fcf4bb35c344a7f695020a545d625f,44756303,73019936544497300000,EOA
0xa4fb0cde6f47d08b20f1e4bee65716e685c795af,86407206,72906618997570900000,EOA
0xf1b4e82cfc2360e6f84024c20c60514fd4f5de46,45952041,72876508537850800000,EOA
0x3435d531862d9f96d5bd9314543d746b8fa989f2,86741784,72728320286304800000,EOA
0x64f961eec2ba222dcba8fa354f03e27529b96f5b,91524818,72254940149186100000,EOA
0x597bea912e8734e17ddc4f43a489a1472d9459cf,77760393,72075622285966200000,EOA
0xb7bfcdc3a2aa2af3fe653c9e8a19830977e1993c,83565817,71166713288677900000,EOA
0x8b200f4c81c54d9014b4cda3f16501069fa20ab9,102586943,71126663459641700000,EOA
0x02b79df8c38f29f39888557c0a89917fd99ddf77,77132575,71064507786506000000,EOA
0x092b87eece2592cdd266f391b59f6f008b5c6778,99147135,71039522182885600000,EOA
0x870dc279570833a8c5a72fc7972681db9a96cfb7,86042257,71014538677492800000,EOA
0x56babdca2fba5c5832a02f282816f82aff785c44,81974695,70738339109412900000,EOA
0x650c0ed459d82335afdad70794b9a61b7795aa6a,55354156,70720582180666300000,EOA
0x9cf8f9449717fd57a275ce41c80acaef4c9ff474,32342091,70635176775188000000,EOA
0xfc2a6bc52bd725f5a4945002054eddb5f9230d62,30028804,70572171797462800000,EOA
0x4846aee6d7c9f176f3f329e01a014c2794e21b92,80454216,70422389225992200000,EOA
0x749ff5417d0ba39f53778a5595adff5331ee5e15,28589763,69945835714475000000,EOA
0x16ed3bb1fbdda90ea4a75a313d34ad1beebf9668,83025845,69934707161855000000,EOA
0x8bceaf6859ebf5f3b6a347461149f1838c231c97,80917164,69407721620366900000,EOA
0xba2010e19fa7ca59982a70ff957e1f14c03e2aeb,84624870,69091027017529600000,EOA
0x6887b5852847dd89d4c86dfaefab5b0b236dcd8a,84879259,68762306157486100000,EOA
0xb6e81350775a4691ddb39e0b97b5cbc61d7d3b0f,39333450,68538834113947200000,EOA
0x14f472dc0294752691fbd925d6ba2bf51d9be1fa,105061374,68474480353848600000,EOA
0x75e717e55cc26746838c3e2ccc3ccf6b8eb954ec,46927708,68423383077722000000,EOA
0x4a79eccdc074ae0c1a5fdca179b560a5e32c3654,34915186,68294935374962500000,EOA
0xc38899d01dc59a92e38cbe5feec9fadd0eb063b9,91348325,68294028526003700000,EOA
0xf8e1791c202c8ad796e5b15e33e4d066897aa975,80375302,68242840976392600000,EOA
0x49f5b5827f834a8a5aa8abbf7d4b63cafa25245b,91891957,68103386828305900000,EOA
0x625046246ecd8a49b07d33309c8d7b53cdbdf1db,86624065,68045715576420700000,EOA
0x7bb8e5169fb071e062f71cbd12a12788aa02e258,48930104,67705919437112100000,EOA
0x95570185f8e95e8b1dd9dda1b47d21addb7ea8d3,53632648,67530925635992600000,EOA
0x4a7b835e29a05cb702f4c9bcd03cfc959f21a4cf,108039779,67457006078970300000,EOA
0xad2af5071aede2c160338fffad6655c1e2aed715,47258577,67258944971558100000,EOA
0x91bc2867c9054a21aa546f648c8fb370aa81f358,78278305,67169650866064800000,EOA
0xa6c5a2214fdd7d78cb04004063fe11586eb7a344,49218679,67141082789614100000,EOA
0xe6f4ccac6bbc030f4b4735fb9dbd68526096ce3d,84848704,66987683342439100000,EOA
0x6908de602bf5b69e9b46227957891ed0ceb59af5,53980391,66881650241155200000,EOA
0xb7a0cf71a375fe7a2152ea36a700499dbd993867,98378285,66602406925681300000,EOA
0xf0e1dca77b2a40113f3091b7ef6c30feb6405b3f,85166395,66474959556600400000,EOA
0x9a80ec4259baf2d62ba5cdea03049f0cc53244a0,48406887,66274299127043900000,EOA
0xbfe07a21ccc5cdc5d94067e9002b9a60217b96c6,38281772,66243885268628500000,EOA
0x164771ad6de14a6a6834e0c87dd13ce1dde44c1c,77445941,65998334270815300000,EOA
0xc54d596176ca6576865b210295a38306c4f79620,86254634,65706347079499300000,EOA
0x4b299c959ca9273aba1ee617c1b52c2b62ea88c6,106811250,65490334072835200000,EOA
0x1501943d0223db29690323b99a86a6e3cefa1abc,78116061,65408755004556100000,EOA
0xc9c026d92314aaa032cf493db1058b143dbf9aff,35068322,64213319697989100000,EOA
0xb711f182d3e607096a4dc5960a7c09b1a9697d36,36281860,64204115237599400000,EOA
0xdb165deba3cf1b6cab45c357a66e09ba34866573,36696265,64125978902565500000,EOA
0xebbe4586ff2b4565cb63732586bebf81ecef6918,91375974,63877453668500500000,EOA
0x0456245e55fb96f3cdcfc3856a5679b02cc1edc4,86461247,63729088444087200000,EOA
0x840647cb127112d0edb9e6c3ce8e0c083b99516a,56922676,63653256653120600000,EOA
0x8e79d8a585a51012d1b32a288a4d81aaa195c3f8,83741687,63626451586512800000,EOA
0xac82362174a32fbbad61efcb0f02b9016b20c768,86195172,63454720002431200000,EOA
0x7ee567d2ac5dca4c422281deb1e2334a805ba6c1,78532211,63123630453609800000,EOA
0xf98f8c1d75b23982aced2ea2aca781d75f946b1d,47499210,63097127036947500000,EOA
0xe64757d213ba264d511a85cc9b53a24cc9e10859,83603013,63087127272145000000,EOA
0x6f9cd1eb49caefa4044ddb4ba767b188c69c5a00,29774457,62934748994505100000,EOA
0x262416dba10bb11b9813b4c5fdca53dfb21fadab,54889936,62880556951474900000,EOA
0x00a0847926a77692495774f1c71ba8abef99dd52,97000836,62605453474062500000,EOA
0x04e60c358da4d51db8c7be369b94039af465adff,84346323,62596356187447900000,EOA
0x18acc7e09e5b4adaf4d51dce21bc2ac616ea9440,102004420,62596356187447900000,EOA
0x2b9818303ca6947ed44390d9041c60de63c32127,97103667,62596356187447900000,EOA
0xf8eb86a7a64b1becfdc8bfd88cef4ee68ddd82d7,87366235,62596356187447900000,EOA
0xfa6c97f0effab1ce8d7cd80eb96ddf2ac6bf0e38,86796685,62596356187447900000,EOA